1,CLARINS 克蘭詩
2,maternea 媽咪莉娜
3,LASSIG
4,Mamaway
5,Fammile
6,hegen
7,coccoafei
8,PUREST
9,La Millou
10,小獅王辛巴
11,studioCLIP
12,GLOBAL WORK
13,niko and ...
14,BABYLONE
15,BAYFLOW
16,LAKOLE
17,BAGEBLUE
18,O0u
19,HARE
20,Heather
21,JEANASiS
22,Tommy Hilfiger
23,pidan
24,Vetreska
25,LazyEazy
26,Meri Meri
27,Clinique
28,Divoom
29,Marshall
30,LANCOME
31,Audio Technica
32,Estee Lauder 雅詩蘭黛
33,JBL
34,Leopold
35,CLARINS 克蘭詩
36,AZIO
37,Ducky
38,NZXT
39,SteelSeries
40,logitech
41,ORIGINS 品木宣言
42,Final
43,Sony
44,Beyerdynamic
45,AKG
46,Sennheiser
47,Biotherm 碧兒泉
48,Kodak
49,lomography
50,Kiehl’s 契爾氏
51,RICOH
52,Elizabeth Arden 伊麗莎白
53,M.A.C
54,YSL
55,Bobbi Brown 芭比波朗
56,CHANEL 香奈兒
57,王品集團
58,星巴克
59,凱撒大飯店
60,Movenpick 莫凡彼
61,LEPSIM
62,ALAND
63,PURROOM
64,POPOCOLA
65,mao
66,PURLAB
67,PETHROOM
68,zeze
69,汪喵星球
70,PETSEEK
71,檜沐先生
72,CHONLDER
73,AiMOE
74,Now
75,好味小姐
76,自然食
77,陪心寵糧
78,毛孩食務所
79,BITE ME
80,KOJIMA
81,enabot
82,kashima
83,Elura
84,BARNYARDSTORM
85,RAGEBLUE