1,全新一代 宛若新生撫紋霜 175ml,1,18,2400,"●改善肌膚彈性，淡化身體紋路，輕盈乳霜質地容易延展，專業配方結合了活性成份，可改善肌膚彈性和緊實度，同時紓緩肌膚。
●膚質：所有肌膚類型
●質地：乳霜
●使用說明： 在大腿、臀部、腹部和胸部畫圓按摩至吸收。"
2,身體調和護理油 100ml,1,18,2400,"●以冷壓淬鍊的第一道榛果油做為基底，以純植物萃取研製，配方融合了迷迭香、天竺葵和薄荷精油，讓肌膚更緊實有彈性，減少肌膚紋理的出現。
●膚質：所有肌膚類型
●質地：油
●使用說明：每週2-3次，在濕潤肌膚上使用。取出小量護理油，塗遍全身或特殊部位輕柔地按摩。"
3,無痕美體霜 150ml,2,18,1260,"●溫和無香精、懷孕第1天開始使用，含多種營養素滋潤深入肌膚底層，恢復白皙、調理並淡化紋路
●膚質：所有肌膚類型
●質地：霜
●.使用說明： 在大腿、臀部、腹部和胸部畫圓按摩至吸收。"
4,彈力潤膚油 100ml,2,18,1150,"●溫和無香精、懷孕第1天開始使用，含多種營養素滋潤深入肌膚底層，恢復白皙、調理並淡化紋路
●所有肌膚類型
●質地：油
●使用說明： 在大腿、臀部、腹部和胸部畫圓按摩至吸收。"
5,強效mamma美體撫紋霜 300ml,7,18,1980,"●溫和荷荷芭油成分，滋潤保濕再升級，助於淡化細紋，搭配按摩效果更佳。
●富含獨特50倍吸水性小分子蠶絲蛋白，成分親膚保濕效果更升級
●豐富胺基酸成分，提供肌膚所需營養，自然散發健康光澤感
●維生素E維護肌膚表層防禦力，舒緩孕期乾燥肌膚不適感"
6,水洗襯衫式牛仔孕哺連身裙,4,19,1680,"●彈性水洗棉丹寧布，舒適透氣，穿著合身不緊繃
●寬鬆的版型剪裁，修飾下半身形，遮住臀部
●半門襟開扣，兩側哺乳開口，隱密、好餵
●材質：82%Cotton 16%Polyester 1%Spandex 1%Rayon
●哺乳開口：門襟式-兩側腋下哺乳開口
●洗滌方式：機洗/低溫/入袋/反面/不可浸泡/不可漂白/不可烘乾"
7,背心+寬褲孕哺兩件式套裝,4,19,1680,"●無束縛寬版兩件式套裝，垂墜面料，修飾身形
●上窄下寬的剪裁設計，俐落又有型
●雙側口袋、雙掀側哺乳開口，隱密版型，方便哺乳
●材質：63%Polyester 32%Rayon 5%Spandex
●哺乳開口：側開式-胸線哺乳開口
●洗滌方式：機洗/低溫/入袋/反面/不可浸泡/不可漂白/不可烘乾"
8,天堂的顏色 純白一字領五分袖孕婦洋裝 M,5,19,1680,"●五分袖孕婦洋裝，輕薄貼身
●春夏秋天皆合宜。產後也能穿
●建議身型尺寸：
S號： 身高 155~165cm，體重 45~55kg，適合胸圍 80~90cm
M號： 身高 165~170cm，體重 55~65kg，適合胸圍 84~94cm
L號： 身高 170~175cm，體重 65~75kg，適合胸圍 90~102cm"
9,野餐好日子 綠底白點孕婦連身褲 S,5,19,1380,"●草綠白點孕婦吊帶連身寬褲，後有拉鍊穿脫，雙口袋。
●本款尺寸需考量胸圍：70cm內穿S號，85cm內穿L號
●材質：100% 聚酯纖維
●洗滌說明：．初次先以清水手洗，若有輕微染劑釋出為正常現象，請安心穿著。
避免變形，建議手洗或放入洗衣網以低速短程洗滌。
請勿使用漂白劑或深淺衣物一起洗滌，以免染色。
請勿浸泡與烘乾，以免衣物縮水"
10,Audrey 一字領宴會純白孕婦連衣裙洋裝 S,5,19,2180,"●喇叭袖、背領鬆緊帶。適合季節：春、夏、秋。
●材質：100% 聚酯纖維
●洗滌說明：初次先以清水手洗，若有輕微染劑釋出為正常現象，請安心穿著。
避免變形，建議手洗或放入洗衣網以低速短程洗滌。
請勿使用漂白劑或深淺衣物一起洗滌，以免染色。
請勿浸泡與烘乾，以免衣物縮水"
11,俏皮女生 黃色棉麻可調肩帶孕婦連身吊帶短褲 M,5,19,780,"●棉麻孕婦吊帶短褲，吊帶為手調綁帶，胸前排扣，雙口袋。
●適合產前產後孕婦連衣裙洋裝。
●材質：50% 棉；50% 亞麻
●洗滌說明：初次先以清水手洗，若有輕微染劑釋出為正常現象，請安心穿著。 
避免變形，建議手洗或放入洗衣網以低速短程洗滌。 
請勿使用漂白劑或深淺衣物一起洗滌，以免染色。 
請勿浸泡與烘乾，以免衣物縮水"
12,俏皮女生 綠色棉麻可調肩帶孕婦連身吊帶短褲,5,19,780,"●棉麻孕婦吊帶短褲，吊帶為手調綁帶，胸前排扣，雙口袋。
●適合產前產後孕婦連衣裙洋裝。
●材質：50% 棉；50% 亞麻
●洗滌說明：初次先以清水手洗，若有輕微染劑釋出為正常現象，請安心穿著。
避免變形，建議手洗或放入洗衣網以低速短程洗滌。
請勿使用漂白劑或深淺衣物一起洗滌，以免染色。
請勿浸泡與烘乾，以免衣物縮水"
13,PCTO™ EBP 舒芙蕾多功能雙邊電動擠乳器組,6,20,11520,"●36種吸力模式：最受期待的新一代客製化電動擠奶器
●超級輕：重量只有230克 (約一顆蘋果重)
●非常小：大小只有10公分 (約手掌大)
●三用：可以單邊、雙邊、手動三用
●四充：提供USB、電腦、家用電、行動電源4種充電方式"
14,莫蘭迪純色後背媽媽包 燕麥奶,3,20,3880,"●寬敞立體梯形大開口，掀蓋後自動向下固定，取物方便一目瞭然。 
●舒適減壓背帶，內外多夾層設計，方便分類放置育兒物品
●防水隔層，輕鬆隔開放置濕衣或髒物。 
●行李箱固定帶設計，可固定套在行李箱拉桿上，不怕滑落。 
●材質：100%綠色環保聚酯纖維(recycled Polyester)
●尺寸：27x15x46cm
●重量：840g"
15,戶外走走機能後背媽媽包 珊瑚粉,3,20,3580,"●兼​具戶外休閒與媽媽包多機能包款，束口大開口，隔層分明，方便分類放置育兒物品。
●外層防水材質，透氣網袋與反光設計，。
●舒適減壓背帶、透氣襯墊設計。
●材質：100%綠色環保聚酯纖維(recycled Polyester)
●尺寸：28x16x42cm
●重量：850g"
16,時尚完美大開口後背媽媽包 玫瑰金,3,20,3780,"●超大容量硬挺大開口，取物方便一目瞭然。
●雙肩後背帶可隱藏，背帶有減壓設計，可手提，側背及後背三種不同背法
●防潑水抗污，具抗菌及防水功能，可放置易髒物品，易清理。
●材質：100%綠色環保聚酯纖維(recycled Polyester)
●尺寸：30x17x36cm
●重量：1240g"
17,恐龍佩佩豬月亮枕 喬治綠,4,20,3780,"●可做為寶寶授乳枕/月亮枕/孕婦舒壓枕
●親水透氣性泡棉,減少異味產生；具抗菌、低敏特性
●商品通過多項檢測，品質保障，大人寶寶使用均安心
●兩端四段式調整釦設計，方便調整鬆緊、固定
●尺寸：內邊長100cm；枕圍64cm (±2cm)"
18,傳承珍愛 經典初生套裝 0-3月,8,21,1428,"套裝禮盒共有四套六件同系列產品 
●沐浴套裝：連帽浴巾及手套：質地柔軟、能為寶寶體貼地擦乾身體的連帽浴巾及可以避免媽媽的指甲抓傷寶寶。 
●2件裝和尚袍內衣：以輕巧柔軟的天然彩棉製成，底部的鈕釦設計方便父母為寶寶替換尿布，款式適合四季穿著。 
●小兔兔連體衣：口袋中有著造型可愛的柔軟小兔玩具，小兔耳朵更以真絲制造，珍愛永存。 
●小兔抓抓樂：迷你舒適的棉絨小毛毯，一面繡上可愛的小兔圖案，而另一面則是入睡中的小兔圖案。"
19,抱抱熊 連身衣＋口水肩套裝 0-3月,8,21,448,"內容有一件抱抱熊繡花連體衣及2件裝的同系列口水肩： 
●抱抱熊圖案的繡花連體衣：質地柔軟，開胸型的設計方便寶寶穿著，更易於襯托寶寶不同的活潑可愛造型。 
●抱抱熊兩件裝口水肩：最適合為食寶寶使用，吃得亂七八糟也不怕，甚至可以用作咬咬巾，舒緩寶寶出牙前的不適感。"
20,嬰幼兒抗UV連身式泳裝 冰淇淋,3,21,1280,"●全新超強三層導流結構，使用透氣快乾布料製作。
●抗UV紫外線防曬系數UPF50+，外層防水，內層吸濕透氣不回滲。
●防漏超強性，不須再穿著尿布
●材質：82%聚醯胺纖維(Polyamide)18%彈性纖維(Elasthan)"
21,嬰幼兒抗UV長袖泳裝上衣 仙人掌,3,21,980,"●全新超強三層導流結構，使用透氣快乾布料製作。 
●抗UV紫外線防曬系數UPF50+，外層防水，內層吸濕透氣不回滲。 
●防漏超強性，不須再穿著尿布 
●材質：82%聚醯胺纖維(Polyamide)18%彈性纖維(Elasthan)"
22,嬰幼兒抗UV短袖連身式泳裝 小福虎,3,21,1680,"●全新採用綠色環保再生聚酯纖維製造，100%安全無毒材質。 
●抗UV紫外線防曬系數UPF50+，可保護寶寶不受紫外線傷害。 
●布料透氣快乾，以確保寶寶肌膚舒適。 
●同時彈性絕佳，讓寶寶超好活動。 
●使用YKK高品質拉鍊，並有拉鍊頭保護套設計。 
●前開式長拉鍊，免套頭好穿脫。"
23,小獅王辛巴 新生兒奶瓶超人氣體驗組,10,22,1559,"●蘊蜜鉑金PPSU防脹氣奶瓶獨家首創一瓶八用創新紀錄！ 
●換蓋即一瓶多用，市售配件最齊全，可依階段餵養，儲乳、餵乳、學飲。"
24,PCTO™ 金色奇蹟PPSU多功能方圓型寬口奶瓶 330ml 雙瓶組,6,22,1880,"●寶寶不易混淆，100%超柔軟奶嘴
●最輕鬆的喝奶角度，20度偏中心奶嘴設計
●減少寶寶腸胃脹氣，獨特的防脹氣排氣閥
●手可伸進清洗，超大寬口徑清洗更簡單
●專為收納控設計，卡扣式儲存蓋超整齊
●不含雙酚A,雙酚S,毒塑膠,甲醛"
25,小獅王辛巴 桃樂絲夜光奶嘴配帶全能組,10,22,259,"●附奶嘴防塵蓋
●安全透氣孔設計
●符合嬰兒唇齒構造
●拇指型特殊造型設計
●嚴選食品級活性矽膠
●通過SGS檢驗不含雙酚A"
26,小獅王辛巴 新生好拍嗝！桃樂絲PPSU寬口奶瓶6入組,10,22,3059,"●嚴選歐美大廠頂級PPSU原料，符合美國FDA食品級檢驗標準。 
●瓶身耐熱度高達197℃，不含雙酚A，可耐高壓蒸氣消毒達1000次以上。 
●高硬度堅韌輕盈，重複清洗超耐磨，不易劣化耐久性強。 
●瓶蓋防漏設計、易握瓶身。 
●瓶搭配母乳記憶超柔防脹氣寬口十字孔M奶嘴。"
27,小獅王辛巴 換瓶必備桃樂絲PPSU奶瓶大套組,10,22,1909,"●嚴選歐美大廠頂級PPSU原料，符合美國FDA食品級檢驗標準。 
●瓶身耐熱度高達197℃，不含雙酚A，可耐高壓蒸氣消毒達1000次以上。 
●高硬度堅韌輕盈，重複清洗超耐磨，不易劣化耐久性強。 
●瓶蓋防漏設計、易握瓶身。 
●瓶搭配母乳記憶超柔防脹氣寬口十字孔M奶嘴。 
●不含雙酚A,雙酚S,毒塑膠,甲醛"
28,La Millou 安撫禮盒(豆豆安撫兔23cm二入組),9,23,1998,"●繽紛時尚！歐洲極致手工工藝，每件商品皆充滿濃厚的時尚精緻質感。
●極致舒適，舒適透氣之外兼具保暖。柔軟材質包覆質感，讓寶貝更有安全感。
●獨特觸覺，顆粒設計的毛質布料，幫助小寶貝在極致舒適的柔軟觸感中安穩地睡眠。"
29,La Millou 豆豆安撫巾 粉紫馬卡龍,9,23,896,"●安全無虞 － 原裝進口品質保證 
●繽紛標籤 － 好奇寶寶視覺饗宴 
●立體觸感 － 透過觸覺激發潛能 
●輕柔舒適 － 極致柔軟寵愛寶貝"
30,La Millou 豆豆安撫巾 粉嫩薄荷綠,4,23,896,"●安全無虞 － 原裝進口品質保證 
●繽紛標籤 － 好奇寶寶視覺饗宴 
●立體觸感 － 透過觸覺激發潛能 
●輕柔舒適 － 極致柔軟寵愛寶貝"
31,豆豆安撫娃娃,4,23,480,"●寶寶陪睡好伙伴，搓揉抓握有安全感 
●豆豆凹凸顆粒面料，增加寶寶的觸覺發展 
●可掛在嬰兒車、嬰兒床上 
●賀生滿月送禮的好選擇 
●材質：主布：100%Polyester；填充物：100%Polyester"
32,La Millou 豆豆安撫兔加大 濃甜蜂蜜黃,9,23,1380,"●安撫玩偶－陪伴成長，安定寶貝焦慮情緒 
●豆豆設計－立體觸感激發五官潛能 
●可愛造型 - 色彩繽紛，寶貝愛不釋手 
●安全無虞－嚴選歐洲高品質棉花，抗敏、抗塵蟎 
●品質保證－歐洲製造原裝進口，通過多項歐盟認證"
33,兒童動物造型後背包 貓咪,3,24,1080,"●背帶及胸帶可調整長度，胸扣設計防止小朋友跑掉肩帶滑落。 
●寬大減壓肩帶及柔軟襯墊，小小朋友背起來也舒適好背。 
●寬大的主隔層及水壺夾層，避免水壺翻倒。 
●外層防潑水材質，耐髒耐用適合各種天氣。 
●包款輕量小巧僅140g，小小朋友背起來無負擔。"
34,兒童動物造型後背包 浣熊,3,24,1280,"●背帶及胸帶可調整長度，胸扣設計防止小朋友跑掉肩帶滑落。 
●寬大減壓肩帶及柔軟襯墊，小小朋友背起來也舒適好背。 
●寬大的主隔層及水壺夾層，避免水壺翻倒。 
●外層防潑水材質，耐髒耐用適合各種天氣。 
●包款輕量小巧僅140g，小小朋友背起來無負擔。"
35,小獅王辛巴 掰掰小黑蚊！植萃防蚊全方位大套組,10,24,1099,"•選用3M高品質背膠，不易殘膠、不傷嬌嫩衣 
•室內長達72小時有效保護，戶外長達12小時有效保護 
•精選16款人氣恐龍圖鑑，一起探索恐龍世界 
•通過國際SGS嚴格檢驗，不含化學DEET、重金屬
•經實驗證實，有效驅離埃及斑蚊、熱帶家蚊、小黑蚊...等多種蚊蟲"
36,小獅王辛巴 Classy高級訂製寬腰帶揹巾,10,24,2800,"●嚴選雙層高透3D立體網布 快速排濕排汗
●獨創下拉式肩帶設計 可快速調整肩帶束緊程度
●嚴選透氣網布，流汗狂人揹了也涼爽，柔軟親膚"
37,薄荷巧克力育兒哺乳背巾,4,24,1480,"●清爽條紋薄荷巧克力色，清爽簡單，男女皆適合 
●通過荷重測試(SGS-TW1186350)：承重50Kg 
●獲得國際髖關節協會IHDI認證，對寶寶髖關節健康有益 
●《材質》100%精梳棉／《尺寸》Free Size單一尺寸，適合各種成長階段寶寶"
38,橘子泡泡糖育兒背巾,4,24,1580,"●通過荷重測試(Intertek-TWNH00081705)：承重70Kg 
●獲得國際髖關節協會IHDI認證，對寶寶髖關節健康有益 
●此款加大背巾環(直徑69.2mm、粗11.2mm)，承重力增加更加安全
●《材質》100%精梳棉／《尺寸》Free Size單一尺寸，適合各種成長階段寶寶"
39,小獅王辛巴 巧虎成長禮盒,10,25,1580,"●升級新一代防噴吸管，溫水不噴，倒放不漏。
●嚴選美國SOLVAY PPSU頂級原料，通過國際SGS嚴格檢驗，不含雙酚A&S。
●瓶身耐高溫197 °C、耐酸鹼，輕盈耐摔。
●特殊一字吸管設計，寶寶學飲階段，一喝就會。
●搭配導管珠，吸管可隨瓶身角度調整，360°皆可吸吮。"
40,小獅王辛巴 蘿蔓晶鑽玻璃新生全配禮盒,10,25,2049,"●人性化細節設計 
●絕佳耐熱哺乳逸品 
●嚴選耐熱玻璃製成 
●容量刻度清晰可見 
●符合寶寶吸吮運動力學"
41,小獅王辛巴 桃樂絲心願PPSU奶瓶禮盒,10,25,1999,"●人性化細節設計 
●絕佳耐熱哺乳逸品 
●嚴選耐熱玻璃製成 
●容量刻度清晰可見 
●符合寶寶吸吮運動力學"
42,親膚天然有機棉寶寶新生兒禮盒 小熊玩偶,5,25,1980,"●有機棉觸感溫潤柔軟，極佳透氣，柔和舒適無刺激，非常適合新生兒的嬌嫩肌膚。 
●吸汗快干，不黏不膩，也不會產生靜電。 
●完全沒有化學藥物殘留，不會誘發過敏、氣喘或異位性皮膚炎。"
43,Zoo 純棉動物園 滿月新生兒寶寶禮盒,5,25,1680,"●有機棉觸感溫潤柔軟，極佳透氣，柔和舒適無刺激，非常適合新生兒的嬌嫩肌膚。
●吸汗快干，不黏不膩，也不會產生靜電。
●完全沒有化學藥物殘留，不會誘發過敏、氣喘或異位性皮膚炎。"
44,抱抱熊 初生嬰兒床上用品套裝 0-3月,8,25,3298,"●抱抱熊床圍揉合了輕柔的質感及高實用性，適用於多款嬰兒床
●床罩2件裝：以有機天然彩棉製成, 絲滑觸感溫柔呵護BB肌膚，讓BB做甜睡好夢。
●兩件裝口水肩：最適合為食寶寶使用，吃得亂七八糟也不怕，甚至可以作咬咬巾，舒緩寶寶出牙前的不適感。
●繡花連體衣：質地柔軟，開胸型的設計方便寶寶穿著，開放袖口及腳，配合寶寶活動及容易更換尿布。"
45,睡睡熊蠶寶寶抗菌包巾禮盒組,4,25,1380,"●操作簡單，新手爸媽更容易上手
●細緻柔軟魔鬼氈，不刮傷寶寶
●彈性佳，新生兒寶寶身高/體型不受限
●可依寶寶的大小調整緊度
●包巾/帽子組合，並有精緻禮盒包裝，送禮大方
●適合新生兒~4個月(3.17~6.35公斤)"
46,天然蠶繭T恤衫,11,39,1320,"由乾手感棉麻材料製成的斗篷式襯衫。 
寬鬆的 dolman 款式，打造不粘皮膚的輕鬆廓形。 
它的下擺呈繭狀廓形，因此它很寬鬆，但腰部不會顯得臃腫。 
袖長到肘部左右，是遮住手臂的絕佳單品。 
寬鬆的袖子和寬度，易於穿著。"
47,假疊層 T 短袖,12,39,825,"[設計] 
流行的假疊層T系列的短袖版♪ 
只需一件即可輕鬆穿著的疊層款式。 
作為更新點，袖口向後折疊，下擺有羅紋，側邊加開衩，增加了高顏值的元素。 
--- 
(推薦款式) 
尺碼偏寬鬆，建議下身穿修身褲或緊身裙。"
48,氣墊連帽衫短袖,12,39,1485,"【材質/功能】 
夏季氣墊已更新。 
除了在炎熱的天氣裡帶來令人愉悅的涼爽感外，易乾易護理功能讓護理更輕鬆。 
此外，材質美觀，質地光滑，更顯高貴典雅。 
【設計】 
寬鬆的廓形和連帽造型的設計美輪美奐，有今年獨有的多種顏色可供選擇。 
[Styling] 
建議搭配修身褲裝，打造乾淨利落的造型。"
49,油漆標誌 T恤,13,39,1287,"在 NUMERALS 單品中，最受歡迎的 T 卹採用短袖設計。 
這是一個帶有油漆設計的項目，給你一種活力感。 
與普通的T卹不同，正面和背面的面料通過側邊面料連接起來，營造出立體的廓形。 
使用柔軟的面料，您可以享受輕盈、略微緊實和緊實的質地和壓倒性的舒適感。"
50,什錦色塊 T 卹,13,39,1287,"一款設計感十足的T卹， 
廓形適中，穿著舒適。 
每種顏色都在一個地方使用了面料，大膽的切換設計是一個有影響力的單品。 
下擺、袖子、對角線、垂直 4 種色塊的組合式樣。"
51,牛仔襯衫,14,40,3630,"雖然身寬和長度較長，但這款牛仔襯衫 
在領口、門襟和鈕扣之間有著微妙的平衡。 - 使用相當輕的8盎司牛仔材料 - 石頭生物漂白工藝將顏色減少到淡藍色。"
52,365天我的風格襯衫,12,40,1155,"每天都想穿的襯衫 
【材質】 
GLOBAL WORK原創TR材質，防皺，從秋冬開始就開始使用。 
【設計】 
從後背到下擺調整了喇叭口的量，更新了A字廓形，更顯女人味 
我們有各種各樣的春天顏色，包括持久的顏色、瘋狂的圖案和隨機的條紋。"
53,格紋襯衫,15,40,2607,"POINT
[1] 使用靛藍線的原始格子圖案
[2] 球生物處理的柔軟質感
[3] 充滿復古感
[面料]
100% 棉細羅紋燈芯絨部分圖案原始格子使用靛藍紗線的襯衫。
球生物處理賦予它復古的柔軟感。
[設計]
使用獨創的石頭狀圓點鈕扣，彰顯工作細節的襯衫。
正面打開時可以看到的人字帶是休閒的設計點。
它具有百搭的廓形，可用作罩子或內層，從秋季到早春都可以長時間穿著。"
54,Airy TR 開領襯衫,16,40,957,"開領襯衫，廓形休閒。
側面增加了一個開衩，營造出簡約而獨特的設計。
【材質】
超輕量TR材質。
通過使用類似亞麻的線，它表現出像麻一樣的淡淡的結。
您可以在保持乾淨外觀的同時體驗輕盈柔軟的舒適感。
[造型]
建議搭配同材質的下裝套裝。"
55,摩爾條紋襯衫,13,40,1617,"質感順滑且有存在感的襯衫。開領襯衫，帶有商場般的條紋圖案，給人以立體感。 
通過使用具有拉絲感的商場結構，它具有不同的表情和氛圍。 
您可以享受質地略有不同的日益流行的條紋襯衫。"
56,什錦背心,13,41,2145,"時尚高級背心，只需穿上 
它 人造皮革和麂皮材質的什錦背心，非常適合秋季。 
時尚簡約的款式加一。 
我們還建議將它與由相同材料製成的褲子搭配。 
---最好的人造 
皮革絨面革什錦套裝"
57,V領彩色線條背心,15,41,1617,"[1] 具有亞麻質地的材料，皮膚感覺很好 
[2] 時尚V領背心 [3] 可以穿的單品作為設置[面料]一種柔軟的聚酯材料，具有亞麻般的質地，在皮膚上感覺良好。它很薄，所以你可以穿得很酷。【設計】深V領背心 今年流行的V領背心讓你好看。身體的寬度是堅實的，所以很容易分層。【造型】我們建議穿T卹或無袖層作為內層。同材質褲子搭配"
58,光滑/彩色馬甲背心,17,41,1947,"仿亞麻麵料，手感自然，乾爽如麻。
我們使用粗細不均勻的粗線。
它採用精細不平整的表面編織而成，給人一種干淨的印象和隨意的感覺，給人一種光滑的質感。
它是一種多功能材料，吸水快乾，不易起皺，易於打理。
◆ 設計
長度、肩寬、身寬都比較寬鬆的背心。
即使你在裡面穿寬鬆的內層，你也可以毫無問題地穿上它。
腰間繫著一根繩子，所以如果想讓它看起來利落，可以在背後系上，或者系上
腰線。衣領周圍的尺寸略微寬鬆，因此看起來不太緊。"
59,Eco Poly 針織背心,18,41,2310,"▼ 設計 
V領針織背心，人字形底邊用再生滌綸線編織 
[設計/功能] 
帶有時尚的側開口，你可以打開或關閉它來搭配你的衣服。 
它有多種鮮豔的顏色，後擺羅紋飾有色塊。 
請享受健康模式的感覺。"
60,絞花針織背心,14,41,3590,"高抗衝粗紗粗紗手工編織。 
因為每一件都是手工編織的，所以它具有獨特的質地和復古的設計。 
使用100% 羊毛粗紗。 
*因為每件商品都是手工編織的，所以尺寸和質地會有所不同。"
61,蝙蝠羅紋短款束腰夾克,19,42,4620,"這款短款束腰上衣
帶有環形拉鍊。一款女性化的短款外套，可搭配
緊湊 材質因顏色而異，黑色09是漂亮的緞面材質，成熟穩重，黑色其他10是仿皮，風格前衛。下擺可以用束帶收緊，讓您改變輪廓並穿著它。 此外，它還有一個反向拉鍊，可以從下擺側打開。它可以穿出乾淨的印象，因此可以搭配喇叭裙或闊腿褲。"
62,拼接西裝外套,20,42,2640,"[設計] 
以雙鈕扣為基礎設計的精裁夾克。 
寬鬆的超大款時尚單品。 
我們有 2 種純色，百搭百搭，還有流行的千鳥圖案。 
這款產品可以搭配多種風格，從日常使用的外罩到辦公室 
協調。"
63,中號帳篷大衣,21,42,6270,想要優雅地穿著的休閒外套。長度適中，可以搭配任何下裝，深開衩不僅適合褲子，也適合裙子款式。 通過在袖口設置可以調節袖寬的腰帶，或者捲起袖子，建議您秀出手腕，讓您看起來更加成熟和放鬆。 -STYLING-卡其色建議搭配連衣裙等甜美單品，米色建議搭配緊身喇叭褲等利落褲裝。
64,襯衫夾克,19,42,4290,"一件打結 即使在夏末也易於穿脫的單品 
。襯衫剪裁的繫帶鎖扣夾克設計簡約，時尚。使用堅固的面料，營造出美麗的輪廓。長度設置為略短，是可以穿成盒子輪廓的設計。"
65,燈芯絨立式拉鍊夾克,17,42,2987,"■Silhouette
寬闊的肩寬和寬闊的空間，打造出時髦的大廓形/oversized廓形。
長度稍短，因此您可以享受層次感。
■材質
燈芯絨材質，具有光澤感和奢華感。
在保留二手衣服質感的同時，也增添了RAGEblue獨有的優雅氣質。"
66,無袖拼色 POLO 衫,22,43,1485,"我們最擅長的——無袖廓形的經典 Polo 衫。由舒適的彈力棉製成。 
常規合身。"
67,短款 NYC 標誌橄欖球,22,43,2685,"我們重新設計了剪裁合身的橄欖球馬球，並用我們的標誌完成了它。由柔軟的有機棉製成，對地球產生更友好的影響。我們的湯米牛仔褲系列的一部分。 
常規版型，剪裁。"
68,常規版型條紋 POLO 衫,22,43,2100,"我們的柔軟棉質平紋針織寬鬆 Polo 衫盡顯您的喜愛。 
常規版型（也稱為定製版型）——剪裁精巧，穿著舒適。"
69,修身版 TOMMY POLO 衫,22,43,1485,"我們最擅長的是彈力棉經典馬球。年復一年的暢銷書。 
修身剪裁 - 通體剪裁，剪裁更短，剪裁合身"
70,修身長袖拉鍊 POLO 衫,22,43,1785,Tommy Hilfiger women's polo.我們最擅長的——柔軟的棉質 Polo 衫和修身修身的經典款式。
71,太空艙寵物背包,23,29,1690,"輕便、通透、超易用的pidan寵物出行背包！
● 前所未有大尺寸
● 可背、可拎、還有拉桿箱專用綁帶
● 折疊收納，花樣出行
● 超大視窗
● 頂面大孔徑透氣網格佈設計，拒絕悶熱！"
72,犬用牽引繩三合一套裝,24,29,980,"● 受力均勻 不勒脖子
● 是牽引繩 也是背包
● 安全溜寵 拒絕丟失"
73,寵物居家服套裝,25,29,890,"● 來一場陽光明媚的郊遊，獻上時髦的「度假Filters」！
● 科技面料柔軟耐用
● 後背抽繩可任意調節圍度
● 撞色套裝設計增添時尚度"
74,Meri Meri 銀色條紋紙餐盤組（8入組）,26,67,315,"✰ Let's go party! 派對必勝亮眼細節

繽紛亮麗的餐盤紙杯、吸管，俏皮童趣的蛋糕裝飾，以貴氣熱情的金屬色為底，搭配星星、條紋等亮彩造型，呈現出活潑的熱鬧氛圍，適合在值得慶祝的時刻或是客人到訪使用，散發濃濃的歡樂氣息！"
75,Meri Meri 聖誕節綠森林裝飾（10入組),26,66,880,"這些樹狀裝飾可以作為精美的裝飾品放置在您的派對桌上或您的家中。
它們由薄紙製成，每棵樹的頂部都有一顆星星，上面撒有銀色亮粉。"
76,Meri Meri 經典花紋聖誕樹紙盤（8入組）,26,67,315,"聖誕樹是節日派對餐具的絕佳設計，尤其是當它們裝飾有令人愉悅的圖案時。
每個聖誕樹形狀的紙盤都有不同的設計和顏色。"
77,Meri Meri 亮片星星花環,26,66,880,"星星是一種絕妙的裝飾元素。
這款花環非常適合為節日派對點綴華麗的風格。"
78,Meri Meri 綜合聖誕派對帽（6入組）,26,76,690,"忘記樸素的派對帽吧，我們設計一套派對帽子非常適合節日拍照！
每套包括6頂不同的帽子，上面有3D聖誕樹、冬青樹和禮物，全部採用紅色、綠色和金色等充滿節日氛圍的顏色。"
79,Meri Meri 森林夥伴花環,26,66,820,"如果您想為您的派對增添民俗風格，非常適合秋季和感恩節，那麼您一定會喜歡這個華麗的花環！
它設計精美，採用紙製動物、紙花和葉子製成，並附在令人驚嘆的格紋緞帶上。"
80,Meri Meri 森林夥伴杯子蛋糕套組（24入）,26,67,565,"用這款精美的套組，將您的杯子蛋糕變成美妙的森林藝術品！
這個套組共有8款樣式。
它印有動物、帶有流蘇尾巴的鳥類和針葉林的圖案，並搭配格紋印花紙杯。"
81,Meri Meri 聖誕樹妝扮斗篷,26,76,4230,"聖誕樹是聖誕節真正的亮點，現在您的孩子可以穿上我們精美的服裝假裝是其中一員！ 
它非常適合聚會，或在家中度過愉快而有趣的時光。 
這款斗篷採用薄紗精心製作而成，含有大量裝飾，並配有閃亮的金色星星頭帶。"
82,Meri Meri 聖誕巢狀裝飾（16入）,26,66,1255,"如果您希望您的聖誕裝飾品明亮而美麗，那麼您一定會喜歡這款精美的套組！
它具有16種薄紙材質圖樣設計。"
83,Meri Meri 金色派對氣球（12入）,26,66,220,"用這些氣球為任何特別的慶祝活動增添時尚的金色光芒。
它們非常適合訂婚、婚禮、紀念日、派對和特別的生日等場合。"
84,Meri Meri 粉色派對氣球雲（14入）,26,66,690,"這款漂亮的粉色氣球雲套組在任何派對上都會看起來非常棒！
非常適合生日派對、週年紀念、婚禮、訂婚或周歲派對。
套組內包括14顆氣球，其中三顆預先填入了華麗的五彩紙屑，以及三個閃亮的金色飄帶。
氣球雲約有92公分高，看起來令人印象深刻。"
85,Meri Meri 英式花園派對組合,26,67,1880,"如果您正在尋找漂亮的派對用品，那麼您一定會喜歡這款英式花園套組！
它具有令人驚嘆的花卉圖案和金箔細節。
您的客人一定會喜歡華麗的花環、餐具和帶有柔軟彩色絨球的迷人派對帽。"
86,Meri Meri 生日派對王冠（8入）,26,76,625,"當您可以戴上設計精美的生日派對頭飾，上面覆蓋著閃閃發光的亮片時，為什麼還要戴樸素的生日派對帽？
它們看起來簡直令人驚嘆，保證讓您的派對客人開心。
這個組合包含8款樣式。"
87,Meri Meri 法式蕾絲圖樣餐盤（8入）,26,67,265,"我們與餐廳、茶室和馬卡龍專家 Laduree 合作，打造這些精美的盤子。
精緻的色彩、金箔設計和扇形邊框非常時尚。
裡面包含8款顏色。"
88,Meri Meri 綜合彎扭蠟燭（20入）,26,67,375,"這些彎曲的蠟燭在明亮的色調中，將為任何慶生蛋糕增添效果。
點亮時它們看起來也很棒，讓所有派對客人感到開心。
裡面包含5款樣式共20支蠟燭。"
89,Meri Meri 蝴蝶餐盤（8入）,26,67,345,"蝴蝶是如此美麗，它們在這些蝴蝶餐盤上看起來非常棒！
非常適合公主或童話派對、婚禮、週年紀念或訂婚。"
90,Meri Meri 小熊餐巾紙（20入）,26,67,220,"為渴望冒險的人舉辦派對？
使用我們的 Let's Explore 系列，為您的派對氣氛帶來一絲野性。
這些可愛的小熊餐巾紙具有可愛的特徵和有趣的圓耳朵 —— 非常適合一群大自然愛好者！"
91,Meri Meri 金色葉子餐盤（8入）,26,67,345,"樹葉和漿果是絕妙的節日派對主題，當設計採用閃亮的金箔時，看起來更加迷人。
這些大餐盤非常適合主菜，也有令人賞心悅目的波浪形金色邊框。"
92,Meri Meri 紫丁香花卉吊籃,26,66,1720,"這款花卉吊籃將柔和鮮豔的花朵與金箔細節完美結合，可以精美地改造房間。
它非常適合春季派對或當您想要添加優雅華麗的風格時。"
93,Meri Meri 生日亮片頭飾,26,76,785,"用這款令人驚嘆的頭飾讓生日壽星從人群中脫穎而出！
它採用金線製成，上面用閃閃發光的字母拼出「生日快樂」字樣。"
94,平衡修護奇蹟膠 Dramatically Different Moisturizing Gel,27,54,1850,"肌膚類型混和肌, 非常油肌
穩定膚況神隊友
地表最強保濕屏障修護
無油凝膠，還原油水平衡，倩碧經典天才小黃瓶， 清爽好吸收的凝膠質地，最適合敏感肌的保濕保養乳液 親膚鎖水配方，
每天使用兩次，可藉由複製健康肌膚的油水平衡修護皮膚，重現光透潤澤"
95,天才超緊無痕眼霜 Clinique Smart Clinical Repair Wrinkle Correcting Eye Cream,27,55,2200,"專利抗老配方可減少細紋浮現。針對眼周不同類型紋路設計，4周緊緻眼周肌膚，撫平眼周細紋和暗沉，使眼周肌膚更年輕、
更強壯、更明亮。無香精且不刺激，隱形眼鏡配戴者友好。"
96,水磁場微分子保濕精華 Moisture Surge Hydrating Supercharged Concentrate,27,53,1770,"適用於各種膚質
""清爽質地瞬間吸收，給予保水度爆棚的效果，不含油、無致敏成分，使用零負擔，給予肌膚最豐盈滋潤的呵護。
創新的極輕爽凝露配方與濃縮抗氧化成分，立即提供 179% 的保濕效果。
運用全新雙重作用的液體圓球科技 (Liquid-Sphere™Technology）及超保濕蓄水科技(Moisture Holding Super-Matrix)，
讓每一滴精華都可以層層深滲透到肌底養成保濕蓄水池，使用24小時後，持續讓肌膚變得更保濕 61%。"
97,DITOO PLUS像素藍牙喇叭,28,71,2280,外觀設計向台個人電腦，無論是機械鍵盤和功能槓桿，皆具有很強的設計感：這不僅是向80後純真年代致敬，更將復古及科技元素連結，創造出美好的科技生活。
98,超激光勻淨白淡斑精粹 Even Better Clinical™ Radical Dark Spot Corrector + Interrupter,27,56,3650,"肌膚類型敏感肌, 非常乾肌, 乾性肌, 抗老肌 , 混和肌, 非常油肌, 油性肌
No.1臨床實證強效淡斑
更防禦!超淨膚!極淡斑!
專利成分CL302撐起抗氧防護罩
1滴修護保濕 7天擊潰痘疤斑點
精準鎖定各種斑點2周內看見勻淨透亮
4週內減少93%斑點
臉上有光的秘密
先修護 後淡化 再阻斷
專利CL302極光C勻亮科技
結合極光C 亮白因子(CL-302 Complex Components)及黑色素阻斷複合物(Interrupter Complex)，溫和代謝，勻淨斑點，層層舒緩黑色素生成，穩定肌底，開啟美白正循環，肌膚由裡而外白、淨、透、亮。"
99,Marshall Stanmore II 藍牙喇叭,29,71,16700,Stanmore II是 Marshall 系列喇叭中，多方位適用任何空間大小的代表。強大的聲音表現，由精選原件組成，兩個 15 瓦 D 類擴大器驅動高音單體，加上一個 50 瓦 D 類擴大器驅動重低音單體，讓 Stanmore II 即使在最高音量，也能保有乾淨又精準的聲音。 透過藍牙藍牙 5.0 與 QualcommaptX™，無線狀態下也能體驗立體聲效。
100,溫和保濕水 CONFORT TONIQUE 400 ML,30,52,2100,"溫和保濕水為乾性肌膚準備的凝狀保濕水。
保濕化妝水內含植物性乳蛋白(蜂蜜+甜杏仁萃取)，能有效補給肌膚水份，舒緩清潔後產生的不適與緊繃感，恬適宜人的淡雅香氛，
不刺激的質地，為乾性肌膚溫和地啟動之後保養品吸收的前導準備。
凝狀水感化粧水，濕敷使用後溫和舒適，肌膚水潤飽滿。"
101,超未來肌因冰珠亮眼粹 GENIFIQUE LIGHT PEARL R22 B20ML,30,55,2980,"全新亮眼冰珠！ 360°轉走黑眼圈
一轉緊緻泡泡眼 一夜淡紋更發光
【BIO-7 微生態修護專利】注入小黑瓶獨家活性粹取，內含7大益生菌+益生質，可深入修護眼周肌底、平衡眼周肌膚微生態，全面強化眼周屏障，預防眼周老化！
【獨家亮眼修護複方】富含小球藻萃取、法國蕎麥子粹取、維他命C醣苷，可促進眼周微循環、抑制黑色素，有效擊退黑眼圈、泡泡眼、煥亮眼周。更添加玻尿酸成分，有效為眼周注水保濕、淡化細紋！
【專利360°彈力冰珠】使用醫療級白鋼材質，能立即冰鎮降溫3°C，有效改善黑眼圈、泡泡眼；結合業界唯一專利彈力按摩球設計，零死角精準貼合眼周，使每次按摩更穩定、更平均、更深層！"
102,超極光亮白保濕精華乳 BRIGHTENING REBALANCING WATERY EMULSION,30,54,3000,"全新超極光亮白保濕精華乳！注入極光水珍稀天然成份「
法國山毛櫸芽萃取」，能加速肌膚新生，使肌膚更加勻淨
透亮。獨特水感質地，具備水乳液般的輕盈，卻擁有精華
般的滋潤度。好吸收不黏膩，瞬間水潤保濕，加倍肌膚明
亮效果。"
103,絕對完美24K黃金玫瑰霜面膜,30,56,6500,"延續絕對完美黃金玫瑰霜自上市以來口碑爆棚的的絕佳質地與超強修護滋養力，蘭蔻又獨家研發出了「24K金玫瑰霜面膜」，
不僅一片富含整瓶玫瑰霜的活性能量，更搭載前所未見的24K金光璨複方與24K金導入材質，完美封存珍稀成分、超導修護肌底、完美貼合；
只要20分鐘，肌膚立現持久奇蹟光！"
104,Marshall Emberton II 攜帶式 藍牙喇叭,29,71,6490,"Emberton II 所傳達的聲音豐富飽滿、乾淨且音量非凡。藉由真正的立體聲播放來體驗 360° 的音樂饗宴，每個角度聽起來都完美無瑕。
Emberton II 還提供著同級產品中幾乎最大聲的音量播放。
EMBERTON II 經過 IP67 認證，意味著它已被認證，可以防止灰塵或者微粒進入，也能經受 1 公尺深的靜水壓力。也就是說，如果您的 Emberton II 用髒了，不用擔心，直接沖洗它吧！當然，下雨也無需擔心。"
105,Audio Technica 鐵三角 AT-LP60XBT WH 全自動藍牙 立體聲 黑膠唱盤,31,71,6500,"• 透過支援藍牙功能的喇叭或耳機，無線傳輸唱片樂音
• 支援高音質且低延遲的 aptX 音訊編碼
• 全自動播放型黑膠唱盤，按下 START 鍵就能播放/暫停，支援 33/45 轉
• 鋁合金壓鑄成形唱片轉盤，再現清澈音質
• 專用唱臂和唱頭蓋，提升唱針循軌能力並抑制多餘共振"
106,JBL - Horizon - USB充電和環境光的藍牙時鐘收音機,33,71,5400,"帶LED燈的多感官鬧鐘
為您和您的伴侶提供2個獨立鬧鐘。
可以選擇FM廣播，原始數字鬧鐘音或從藍牙設備播放的音樂。
LED環境光有助於輕輕喚醒您。
LCD顯示屏會自動調節亮度以適合室內照明。"
107,特潤超導全方位修護露 Advanced Night Repair Serum,32,56,2950,"一滴完美透亮　肌膚彈潤更緊緻
極速修護新革命　啟動年輕關鍵"
108,Leopold FC750RBT 藍牙雙模機械式鍵盤,34,72,4530,"1、ABS外殼
2、多媒體功能鍵
3、PBT二色鍵帽
4、德國CHERRY MX機械軸
5、專屬自行開發衛星軸體
6、可調整腳架設計及防滑墊
7、雙層FR4 PCB & 底部消音棉設計"
109,局部加強緊實凝膠,35,57,2000,"清爽的局部加強緊實凝膠採用有機植物萃取而成，針對容易下垂鬆垮部位，包括手臂、臀部、大腿、腹部和腰部加強緊實。
使肌膚更柔滑，更滋潤，重拾其自然彈性。
質地清爽不黏膩，塗抹後即可穿上衣服。
膚質： 混合性肌膚, 乾性肌膚, 一般肌膚, 油性肌膚
質地： 凝膠
使用說明： 每天早上和/或晚上使用。"
110,AZIO Retro Classic BT藍牙牛皮復古打字機機械式鍵盤,36,72,7990,"傳言在 1808 年，義大利一對深情戀人，男方為了失明女友而設計出打字機的原型，敲一鍵、打一字，每個字詞都述說著暖暖愛意，文字於是得以藉此而恆遠流傳。
為了喚醒愛的記憶，並將這份溫暖持續下去，AZIO 以經典的復古打字機為雛型，結合現代科技技術，推出「RETRO CLASSIC ARTISAN 牛皮復古打字機鍵盤（BT無線藍牙版）」，嚴選牛皮材質，延聘匠人以手工打造，結合鋅鋁合金框架，與皮革形成絕妙呼應，而工業風六腳螺栓讓細節更豐富，搭配黑與金銅的steampuck蒸氣龐克風配色，讓鍵盤成為藝術，賦予時代文化新生命力。"
111,Ducky Zero 9108 芝芝桃桃 108鍵PBT機械式鍵盤,37,72,2190,"1、全新配色設計
2、多段式腳架設計
3、獨立指示燈設計
4、雙層電路板用料
5、PBT二色成形不破孔鍵帽
6、使用德國Cherry MX 機械軸
7、USBType-C接頭與接線分離設計
8、Ducky Macro 2.0，最強大的硬體設定功能"
112,全新一代 宛若新生撫紋霜,35,57,2400,"輕盈細滑的乳霜質地容易延展，專業配方結合了活性成份，可改善肌膚彈性和緊實度，同時紓緩肌膚。此外，配方成份極簡，包裝可確保配方的保鮮度。
膚質： 所有肌膚類型
質地： 乳霜"
113,Leopold FC900RBT藍牙雙模機械式鍵盤,34,72,4680,"1、ABS外殼
2、多媒體功能鍵
3、PBT二色鍵帽
4、德國CHERRY MX機械軸
5、專屬自行開發衛星軸體
6、可調整腳架設計及防滑墊
7、雙層FR4 PCB & 底部消音棉設計"
114,輕盈美體護理油,35,57,2400,"護理油以純植物萃取研製，配方融合了金雀花、天竺葵和墨角蘭精油，幫助趕走不需要的負擔，讓肌膚更緊實有彈性。以冷壓淬鍊的第一道榛果油做為基底，讓肌膚如絲緞般柔軟。香氣帶來身心靈的愉悅享受。不留污跡。
膚質： 所有肌膚類型
質地： 油
使用說明： 每週2-3次"
115,牛奶果美胸霜-緊實,35,57,2450,"越南牛奶果和鐵樹萃取成份，有效緊實胸部到下巴部位的肌膚，肌膚更加滋潤光滑、柔軟，保持青春！重拾緊實肌膚，使肌膚更滋潤光滑，如絲緞般柔軟。
膚質： 所有肌膚類型
質地： 乳液
使用說明： 睡前使用。"
116,Ducky ONE 3 白色 108鍵 100% RGB 機械式鍵盤,37,72,3890,"1、薄邊框撞色設計
2、衛星軸進行出廠預潤調教
3、QUACK Mechanics力學設計
4、音感還原，圓潤而紮實的聲響 還原軸體最初感動
5、衛星軸調教，絲滑柔順的導引 造就經典的大鍵力學
6、真。PBT鍵帽，抗油耐污，動靜皆宜 表面微磨砂觸感
7、重心懸吊配置，降低重心、平衡力矩 提供更穩定的操控
8、五腳軸體熱插拔底座，相容於市面上99%的三腳、五腳軸體
9、懸吊配重設計，除了降低重心之外，平衡過後的力矩將提 供使用者更為穩定的輸入環境
10、獨家 Q-Bounce 夾心，Q-Bounce和EVA 泡棉墊有助於減少長時間劇烈打字/遊戲的衝擊與壓力"
117,NZXT MXL900 布質滑鼠墊,38,73,1290,"1、防汙塗層
2、防滑加厚
3、靜音吸震鼠墊
4、柔軟便於攜帶的特性
5、提升遊標精確定位與追踪性能
6、針對紅外線與雷射滑鼠靈敏度及傳感器優化"
118,SteelSeries AEROX 3 Wireless Ghost,39,73,2490,"1、完美像素 TrueMove Air 光學遊戲感應器
2、AquaBarrier™ 技術具有防水防塵等多種機能
3、絕佳 200 小時電池壽命，配以 USB-C 快速充電
4、透過遊戲級 2.4 GHz 及多功能藍牙實現雙連接 5.0
5、超輕量型設計，重量僅 68 克，讓您以輕鬆最快的速度遊戲"
119,煥顏緊緻彈力精華水,35,52,2100,"這款女神彈簧水適合所有膚質，結合天然植萃成分和長短鏈玻尿酸，為肌膚提供長達8小時的強效保濕*，同時喚活肌底，使肌膚重拾活力。其配方專門針對抗老，有助顯著緊緻肌膚，維持彈性豐潤。精華水還可以做為前導為肌膚打好基礎，快速吸收後續塗抹的保養品。絲滑柔潤質地可深入滲透肌底，讓肌膚感覺飽滿澎潤。其環保設計瓶裝採用至少25%再生塑膠。 
膚質： 混合性肌膚, 乾性肌膚, 一般肌膚, 油性肌膚
質地： 乳液
使用說明： 每天早上和/或晚上使用。"
120,logitech MX Ergo,40,73,3290,MX ERGO 是針對您的手型而特別打造，可快速精確地進行追蹤。具有獨特的 0 或 20° 傾斜角度，專為輕鬆征服冗長的文件和試算表而設計。
121,超級精華-黃金雙激萃,35,53,4100,"克蘭詩首度破解肌膚的年輕密碼！了解唯一*蘊含 [20+1] 種高效植物精華的 [水+油] 配方護理，高效激活5大控齡修復關鍵。
嶄新全面雙重配方結合天然成份：薑黃萃取、豐富的薑黃酮及20種高效植物精華，有效提升抗老功效。明顯減淡老化跡象，重拾肌膚光澤。
膚質： 所有肌膚類型
質地： 水狀"
122,黃金亮眼萃,35,55,2700,"為眼周的脆弱肌膚，精選有機高山峨參和黃金薑黃等13種植萃，注入獨創水乳雙質地，96%源於天然成份，
全方位擊退眼周老化跡象，24H保濕抗乾紋、100%有感彈潤亮，一抹亮眼水光圈立現！
膚質： 所有肌膚類型
質地： 水狀
使用說明： 每天早/晚由內而外輕按於全眼周。"
123,To Rev Up Tired Legs 漫步在雲端腿部舒緩霜,41,57,1350,"薄荷、絲柏、歐薄荷和雪松能舒緩疲累的雙腿，釋放肌肉緊張與壓力，讓您的雙腿恢復活力與生氣。
取適量由腳踝、小腿、大腿，由下往上單一方向按摩。
成分:薄荷、絲柏、歐薄荷和雪松"
124,AZIO R.C.M.P. 義大利手工牛皮滑鼠墊(方形),36,73,1590,"1、植鞣頂級處理
2、特殊防滑底層
3、浮雕徽標壓印
4、附可嵌式金屬環
5、義大利進口頭層牛皮"
125,ORIGINAL SKIN 天生麗質粉美肌面膜,41,56,980,"美肌面膜可重新撫平肌膚紋理，深層潔淨細緻毛孔，重現自然無瑕麗顏－拍照時無須再使用濾鏡。
加拿大柳蘭改善肌膚暗沉，使肌膚更加明亮有光澤．
地中海玫瑰泥淨化肌膚、柔滑膚觸，立現粉嫩細緻肌．"
126,AZIO R.C.M.P. 義大利手工牛皮桌墊滑鼠墊(摺疊式),36,73,4490,"1、摺疊式設計
2、植鞣頂級處理
3、特殊防滑底層
4、浮雕徽標壓印
5、附可嵌式金屬環
6、義大利進口頭層牛皮"
127,Final Audio E3000,42,74,1500,"・銀色不鏽鋼鏡面處理外觀
・全新研發6.4mm動圈單體
・華麗細緻的中高頻表現
・配備獨家Type-E矽膠耳塞"
128,DR.WEIL青春無敵靈芝舒緩保濕噴霧,41,52,1100,"靈芝噴霧和靈芝系列相同，成分添加珍稀的靈芝及北極靈芝發酵精萃，能立即調理不穩定的膚況，同時將成分快速吸收進肌底，
其中更添加兩種高效保濕成分包含雪耳精粹，可以保存比自身重量多數倍水份的成分，以及靈芝水本身就含有的高效保濕成分-玻尿酸，
就像海綿一樣能幫助肌膚喝保水保濕不乾澀！使用過程中能提振身心，因含有天竺葵、香橙、橘子、廣藿香及薰衣草精油，可放鬆療癒！"
129,Sony IER-M7,43,74,19900,"・輕巧外殼
・高規格聲音隔離
・4 個平衡電樞式 (BA) 驅動單體
・Sony 原創設計的 BA 驅動單體
・預先成形的耳掛可以穩固貼合您的耳朵"
130,Beyerdynamic DT700 PRO X,44,74,9400,推出專為創作者打造的全新領域產品 PRO X 系列，力求滿足新一代創作者應用需求，以創作非凡為宗旨，承襲拜耳近百年來在音頻、聲學、會議演藝、航空等眾多領域的沉澱與積累，使得 PRO X 系列產品在技術、性能、靈活性方面推向新的高度。
131,PLANTSCRIPTION™ 抗皺紋保養品：駐顏有樹全效修護精華,41,53,3500,"全新升級配方、抗老再進化
肌膚是否年輕的指標，在於肌膚天然的支撐架構是不是給力，膠原蛋白、彈力蛋白和原纖結構蛋白是3關鍵成分。
但隨著年齡增長，原纖結構蛋白會減少而導致肌膚看起來鬆垮，使肌膚出現細紋與皺紋。
天然高效保養專家品木宣言10年抗老修護科研再突破，從天然療傷藥材『榆綠木』中發現出神奇修護功效，
搭配16種植物活性成分 & 6種有效胜肽，推出蘊含強大的抗老功效『駐顏有樹全效修護精華』，能有效提升3種膠原蛋白，1瓶對抗15種肌膚危機
使肌膚從真皮到表皮建構密實飽滿肌底，更平滑緊緻有彈性。"
132,AKG K701,45,74,6900,"不管您喜歡從整體上進行監聽，還是想要仔细聆聽分析，K701 都能將洞察力轉變成纯粹的享受。AKG 是全球第一家在耳機上使用革命性扁線音圈技術的製造商，這款耳機就是 K701。
K701 可提供真正精緻化的音色，使每位音樂人都能找到精準定位。這種靈敏度和空間感，再加上精彩的高音柔和感、富有衝擊力的低音，堪稱業界奇跡。這款極致的開放式動圈耳機，提供出色的精準聲音和超卓的聲場。"
133,Sennheiser IE400 PRO,46,74,11900,IE 400 PRO提供工作室音效的動態入耳式監聽耳機：顯著力度、清晰高頻以及通透的中音域重現。微型 7mm 驅動器採用新開發的 TrueResponse 技術，可確保無雜訊和無失真的音效。IE 400 PRO 採用符合人體工程學的設計，舒適穩固且堅固耐用，可適用於任何場合。
134,Kodak Ektar H35,48,75,1990,"柯達Kodak Ektar H35半格底片相機，是非常好入手適合想要降底片拍攝成本的人, 可讓您在35 mm的底片上產翻倍的畫面，絕對是現今底片成本飆升的時代，最好的節省好辦法。 此款相機內建閃光燈, 輕巧的機身，擁有四種顏色, 是適合旅行或任何社交場合的理想相機。"
135,Biotherm 碧兒泉 男仕 海鹽控油收斂水,47,52,1650,"收斂化妝水推薦 - 男性海鹽控油收斂水能有效鎮定舒緩，收斂緊緻毛孔
火山珍珠岩礦物質粉末成分搭配控油化妝水雙層質地、雙重功效，能有效吸附皮膚多餘油脂，改善毛孔粗大
油水平衡，全天不泛油光
內涵海鹽精華礦泉水，有效穩定肌膚"
136,Biotherm 碧兒泉 男仕 活泉多水72H超保濕凝露,47,54,2450,"72小時沁涼保濕、清爽無極限
第一瓶來自冰河的男性保濕凝露
含獨家專利成分奇蹟活源因子
含極地冰河鎖水因子：強化肌膚自體保水力，72小時長效保濕
含獨家專利活性成分：能舒緩肌膚，使用兩週促進肌膚角質層代謝"
137,Biotherm 碧兒泉 男仕 長效控油海鹽潔面膠,47,56,1300,"徹底臉部清潔，從肌底開始調理
添加純植物性荷荷芭天然去角質微粒，深度清潔臉部肌膚
具有高度親膚性，360度按摩肌膚，溫和調理代謝角質並助於控油，洗後清爽不緊繃
適合敏感性肌膚使用
肌底調理 徹底清潔
溫和代謝角質 不油不緊繃"
138,Biotherm 碧兒泉 奇蹟活源晶透露,47,52,2250,"妝前保濕精華推薦
獨特的輕透水感質地，輕盈好吸收不黏膩，秒速滲透肌底
搭配碧兒泉最高濃度的明星成分-奇蹟溫泉活萃，幫助活化與修護肌底
搭配晶透亮膚因子加速肌膚角質層的修護、代謝老廢角質與緊緻毛孔
使用後讓肌膚全面升級，閃耀細緻的晶透亮感
輕盈好吸收不黏膩，加速肌膚角質層修護"
139,Biotherm 碧兒泉 奇蹟特嫩精華,47,53,3200,"奇蹟益生活萃：改善不平滑粗糙顆粒感，粗糙-57%，超滑嫩
維他命C配醣體+角質淨化因子：抑制黑色素生成，加速對抗肌底暗沉，讓肌膚由內而外白皙透亮，透亮感+31%，更發光
大小分子玻尿酸：深入肌底注入保濕能量，撐起紋路讓肌膚水潤保濕，舒緩乾燥毛孔，毛孔收斂18%，超細緻
「拯救暗沉粗粗臉，亮出健康水嫩肌」
3大成分超級功效 ，打擊3大暗沉粗粗臉問題
KO近距毛孔/壓力暗沉/T字顆粒"
140,KODAK M35 Film Camera,48,75,750,"■簡單操作、輕鬆上手
■入門玩家首選，價格親民
■簡約風格、時尚文青
■支援135(24x36mm)規格之所有底片
■內建閃燈，自動充電
■標準31mm定焦鏡頭
■全程手動過片、回捲，復古玩法"
141,LOMO INSTANT AUTOMAT SUNDAE KIDS,49,75,6980,來自泰國的人氣插畫家 Sundae Kids 以可愛調皮又多彩的卡通漫畫風，繪畫出每個愛情中的大小事，引起讀者的共鳴，並於各大社交網站平台，擁有超過百萬來自世界各地的粉絲！這次 Sundae Kids 與 Lomography 推出獨家設計限量版的 Lomo’Instant Automat 拍立得
142,Kiehl’s 契爾氏 激光極淨白淡斑精華,50,53,3550,"史上最強美白精華液！一滴三效:極淡斑、超透亮、好保濕
美白精華液三大成分
三大有效成分「激光活能C」、「普拉絲鏈」、「溫和水楊酸」， 能有效淨膚拋光、淡化黑色素、偕同肌膚膠原蛋白作用，讓肌膚更保濕、更白皙透亮
美白精華液專利
專利配方有效又安心，穩定性高的保養成分白天擦也不怕變質，經實驗證實敏感肌也適用．
每天早晚於化妝水後使用，建議一次用量為一整個滴管，均勻塗抹於臉部並將多餘的精華液帶到頸部。專利配方質地清爽，能快速吸收，立即有感透亮．"
143,RICOH THETA SC2,51,75,10900,"為每個人設計的360°相機。
能讓您輕鬆享受高性能的標準機型。"
144,Kiehl’s 契爾氏 冰河醣蛋白保濕霜,50,54,1500,"千萬口碑推薦No.1保濕舒緩霜! 輕盈不致粉刺，3秒舒緩乾燥，具有長效保濕、水嫩亮效果
●擁有南極純淨冰河配方，能幫肌膚抓水鎖水，達到24小時保濕水亮效果
●添加修護天王神經醯胺衍生物，能快速舒緩泛紅、脫皮、乾癢、粗糙、緊繃和暗沉，效果看得見
●不致粉刺配方，成分溫和、無添加酒精、香精、PARABEN防腐劑，敏感肌適用
冰河醣蛋白保濕霜適用於每日早晚臉部清潔後，於化妝水或精華液後使用，取約3-5顆米粒大小保濕霜的量，點在臉頰與下巴部位，由臉頰開始均勻塗抹至T字部位。"
145,SONY ZV-1,43,75,19380,"● 24-70mm，F1.8-2.8 變焦鏡頭
● 0.03 秒高速自動對焦
● 錄影支援人眼偵測自動對焦/即時追蹤
● 錄影柔膚效果、臉部優先自動曝光
● SteadyShot™積極模式
● 一鍵切換背景景深、產品展示(開箱)模式
● 內建三組麥克風、支援麥克風插孔"
146,Kiehl’s 契爾氏 超進化全能新生超級眼霜,50,55,2000,"專櫃抗老眼霜推薦-眼部保養新革命！契爾氏全新輕脂超級眼霜，能有效緊緻拉提眼周，全面撫平眼周細紋、眼周暗沉、舒緩泡泡眼，60%少油配方、質地輕盈無負擔。
●富含獨家專利300%*高效抗老濃度成份「普拉斯鏈」，協同膠原蛋白作用，由內而外層層緊緻、全眼有感拉提。
●添加「雙重胜肽」，有效強化眼部肌底結構、提升肌膚彈力、精準淡紋更緊實。
●60%**少油配方、好推好吸收！無添加香精、輕盈無負擔，敏感性肌膚也適用，早晚都可安心使用。"
147,Kiehl’s 契爾氏 金盞花精萃修護水凝凍膜,50,56,1800,"●專櫃第一瓶【安瓶級水凝凍膜】，急救肌膚問題快又有效！
●水凝凍膜注入金盞花瓣5大活萃成份，一敷立即修護舒緩，KO皮膚乾燥、皮膚暗沉、泛紅、膚色不均等問題，敷後肌膚變得更彈嫩細緻，透出水亮光澤！
●獨家「水凝凍膜」質地，結合保濕凍膜的清爽質地與晚安水凝膜的保濕力，能緊密貼合肌膚，深層注入精華成份，保濕舒緩效果更持久！
將保濕水凝凍膜塗抹於清潔過後的肌膚上，避開眼周肌膚，於臉部停留5-10分鐘，以溫水洗淨。可視肌膚需求每週使用水凝凍膜1-3次。"
148,Elizabeth Arden 伊麗莎白 時空彈力3D FIT 眼霜組,52,55,2400,"●秒收緊：分子釘增強肌膚屏障、四胜肽提高肌膚密度讓肌膚更緊緻
●深補水：紅海藻幫助鎖住水份提供全天候保濕
●提輪廓：雪絨花精萃有助讓輪廓更立體，一掃鬆弛老態，同時改善膚色，綻放年輕活力"
149,Elizabeth Arden 伊麗莎白 時空彈力3D FIT緊容晚霜,52,54,3750,"●秒收緊：分子釘增強肌膚屏障、四胜肽提高肌膚密度讓肌膚更緊緻
●深補水：紅海藻幫助鎖住水份提供全天候保濕
●提輪廓：雪絨花精萃有助讓臉部輪廓更立體，一掃鬆弛老態，同時改善膚色，綻放年輕活力
質地清爽，吸收快速，使用後肌膚明顯緊緻、保濕、透亮，散發如絲綢般耀眼細緻的年輕光彩。
運用分子釘、四胜肽和雪絨花萃取等保養成分，短短1週，肌膚明顯拉提緊緻，輪廓線清晰可見，重建V型小臉。"
150,M.A.C 超持妝全能氣墊粉餅SPF 50/PA++++,53,50,2020,"殺手氣墊賜你超殺顏值，輕鬆斬除肌膚所有瑕疵！強勢持妝24小時，給你超清爽的霧絲絨妝感！
直接用於臉部，或用臉部刷具打造更細緻的妝容"
151,M.A.C 彈力氣墊蜜粉,53,50,1470,"專業品質，精緻的散粉，以啞光效果訂製霧面妝感。 添加滋潤成分，讓肌膚感到舒適不乾燥。擁有清透遮瑕力的彈力氣墊蜜粉是一款初學者必備的萬用底妝。
以170或167刷具輕輕掃過全臉。
若要打造更絲絨平滑的妝感，以Luxury Powder Puff拍於全臉。"
152,M.A.C 奇幻花園系列-時尚專業唇膏,53,51,850,"以盛開的伊甸花園作為創作靈感，M·A·C推出全新限量奇幻花園系列，全系列含12色眼影盤、4款時尚專業唇膏以及2款超激光炫彩餅限量新色，
包裝以夢幻柔美的神祕紫綴上斑斕花園色彩，邀您走進百花齊放的盛夏繽紛之中，彷彿置身夢幻芬芳的人間仙境。"
153,M.A.C 九色眼影盤-BURGUNDY TIMES,53,11,1720,"精心嚴選的勃根地色調眼影盤，可提供無數的色調組合。它提供了一系列從霧面、緞面到珠光的紋理，可打造各種白天和夜晚的造型。
飽和柔軟和光滑色調全被包裝成口袋大小的眼影盤，方便攜帶。
使用方法:用手指、刷子或海綿用於眼部。"
154,M.A.C 3D無設限睫毛膏防水版,53,11,900,"極黑超立體睫毛膏從睫毛根完整塗刷至尾端，刷出纖長、勾勒立體睫毛，現在更升級防水配方。
更濃密纖長，打造捲翹持妝的誇張睫毛，不結塊、不暈染的超立體睫毛，升級防水配方，能抵抗濕氣。
使用方法：將刷頭頂住睫毛根部，接著從根部往頂部晃動刷頭。重複塗刷，直到達到理想效果。"
155,M.A.C 魔幻魅惑系列-晶亮魔唇,53,51,850,"挑起你的玩色癮頭 捲入迷幻彩妝漩渦
高調宣告派對女王霸氣回歸
# MAC魔幻魅惑系列"
156,YSL 情挑誘光水唇膏,54,51,1470,將所有雙唇需要的保養精華，一次注入這支極為柔潤保濕的唇膏中，讓女人每次使用唇膏，都享有無比舒適的潤澤感受與豐唇效果。
157,YSL 恆久完美無瑕持妝粉底,54,50,2600,"奢華浮刻LOGO X 獨家持妝科技
底妝夢幻逸品
全新持妝鎖水薄膜結合奈米遮瑕粒子
讓肌膚內部油水平衡，外部防水抗汗不沾染
同時針對肌膚瑕疵完美遮瑕，反覆堆疊仍能維持輕盈妝感，彷若天生零瑕疵的細膩妝感
不論油肌 乾肌 24H都能擁有無瑕美肌*
實現真正的底妝自由"
158,YSL 訂製奢華皮革彩妝盤,54,11,3600,YSL訂製奢華皮革彩妝盤【Paris款】，金屬光到粉霧閃爍的多變質地，從日常妝容到夜晚狂歡派對造型，盡情訂製自己的美麗遊戲規則，無論何時何地都是最耀眼的焦點。
159,Bobbi Brown 芭比波朗 冬蟲夏草精華亮膚持妝乳 SPF 25 PA++,55,50,1950,"提亮氣色、煥活能量：添加冬蟲夏草+人蔘精華，為肌膚補充一整天滿滿活力！
舒緩肌膚、減緩乾燥泛紅問題：紅海藻+甘草根萃取可穩定舒緩肌膚，維持健康狀態
長效保濕、散發彈潤光彩：小麥蛋白及玻尿酸立即潤澤肌膚，水潤效果持續一整天
強化肌膚防護、強健膚質：SPF防護及維他命E，保護肌膚抵禦紫外線、環境造成肌膚老化的傷害
所有膚質適用"
160,Bobbi Brown 芭比波朗 流雲持久防水炫彩眼影筆,55,11,1250,"不需刷具，也能完成眼妝。
高度顯色，柔和或高調眼妝都能打造。
八小時的防水功能及持久度，不易脫色。
塗抹於眼皮上，以指尖輕易地暈染。或使用膚色色號打底，奪目色號提亮眼妝。"
161,Bobbi Brown 芭比波朗 晶鑽桂馥修護潤唇精華,55,51,1300,"芭比波朗 晶鑽桂馥護唇家族再添生力軍
全新晶鑽桂馥修護潤唇精華 美唇救援神登場
能夠長達24HR修護滋養雙唇，有助改善唇部乾燥細紋，使雙唇長時間柔嫩健康
塗抹後立即感覺唇部肌膚深度滋潤感、使用一周後唇部更加豐潤立體！
用於唇膏後，能使唇部更顯澎潤、唇彩更顯色、同步強化唇部防禦力"
162,Bobbi Brown 芭比波朗 彷若裸膚蜜粉餅,55,50,2000,"半透明的光澤蜜粉，細緻又自然，這款極度柔和的半透明粉餅含有天然的亮膚植物成分和反光粉末，能為肌膚打造由內而外綻放的光澤。 
獲得Glamour雜誌頒發「2017年最佳美妝獎」
多種色號能以不同光澤程度的珠光顏料校正膚色，打造自然明亮效果。此外，配方內含桑椹、葡萄和黃岑萃取。
若要打造出整體光澤感，用斜角輪廓刷（分開販售）的扁平面將粉掃在全臉上。若要打造出細緻打亮感，用刷子的瘦窄面將粉刷在臉部凸起處。"
163,CHANEL 香奈兒斜紋軟呢四色眼影,56,11,3210,"「香奈兒斜紋軟呢四色眼影」將斜紋軟呢布料交織的質地幻化為浮雕圖騰，四款色調和諧譜奏，收藏於同色系的斜紋軟呢收納袋內。
每款限量收納袋皆由香奈兒 Lesage 刺繡工坊精心打造，更顯別出心裁、值得珍藏。
四款珍藏版限量新作，色彩飽和的四款眼影結合柔霧、緞光與金屬光質地，完美勾勒由柔和到精細深邃的璀璨眼妝。"
164,香奈兒COCO星綻唇膏,56,51,1370,"閃耀新星：香奈兒COCO星綻唇膏，飽滿顯色、豐潤雙唇且持久舒適。
香奈兒COCO星綻唇膏，一抹飽滿顯色透出水潤光澤。
香奈兒實驗室研發出首款兼具保濕與豐潤效果的唇膏，專利配方，飽滿顯色，持續綻放完美亮澤。
直接將唇膏塗抹於雙唇上
數秒內，配方隨即轉化，綻放耀眼亮澤。"
165,【西堤牛排】$658套餐(即享券),57,15,658,"平/假日適用，假日不加價
兌換期間自發出日起算三個月"
166,【王品集團】陶板屋和風創作料理套餐一套10張,57,15,6399,"本套裝內容1組:陶板屋餐券10張
1.陶板屋套餐單張禮券乙客面額$598元,可享用和風創作料理套餐價598元*10%之套餐乙客
2.陶板屋商品禮券若因季節更替調整菜單或營業型態改變,可兌換等值商品;但不同價格之套餐不在此限,須補足禮券面額之差額始能兑換
3.陶板屋商品禮券無使用期限,已內含10%服務費
4.陶板屋禮券如有遺失、被竊或毀損,變形致無法辨識者,概不掛失或補發,但本商品禮券如因毀損或變形,而其重要內容(條碼+編號)仍可辨認者,得請求交付商品或換發
5.禮券出售時已開立統一發票,兌換商品時則不再開立發票
6.禮券經店鋪蓋作廢章後,則視同已兌換,不得再重覆使用
7.票券無使用期限，如有相關說明未盡事宜請依照票券內容為主或參考官方網站說明，本票券單張票面價值NT598不等於本賣場售價"
167,【星巴克】電子飲料券$150(可折抵至$170飲料),58,15,150,"$170飲品任選★假日不加價
兌換期間自發出日起三個月有效
無負擔輕鬆買★未用可退"
168,【YOUBON】墾丁凱撒大飯店發現西餐廳自助式晚餐券(大假日+100),59,15,909,"西式燒烤、當季海鮮、日式料理
蔬果沙拉吧、手工甜點
開放式廚房，分區獨立餐檯"
169,【Movenpick 莫凡彼】平日雙人英式下午茶組(含2層歐式點心盤+飲料x2),60,15,499,"全台逾20家分店適用
姊妹/好友聚餐首選
美味下午茶好滿足"
170,修身褲,61,45,1430,"不僅有彈性且易於穿脫，而且採用人造絲混紡材料製成，手感柔軟有光澤，給人一種優雅的印象。
它不像緊身褲那麼緊身，而且廓形修身，合身度適中。
Repsim 的標誌性輪廓依然鮮活。
前袋採用假設計，外觀乾淨。"
171,寬鬆慢跑褲,62,45,1280,"設計簡單，易於使用的慢跑
褲--
[POINT]
- 本季典型的寬鬆尺碼 -腰部
鬆緊可調節--
帶口袋實用"
172,亞麻 MIX 休閒褲,16,45,1600,"-- 易穿的亞麻 
輪廓既不太薄也不太寬，給人一種干淨的印象。 
[材料] 
亞麻混合材料，讓您看起來很酷。 
我們使用不會感到發癢的混紡面料。"
173,破損的慢跑粗斜紋布,15,45,890,"[1] 彈性極佳的超彈力牛仔麵料 
[2] 使用臭氧漂白處理的可持續單品 
[3] 復古般的損傷修復處理 
[4] 運動感的慢跑褲設計 
[5] 寬鬆的腰部規格"
174,TR 修身褲,16,45,990,"修身廓形錐形褲。 
可以作為基本款使用的單品，非常適合今年的漂亮造型。 
帶有傳統氣息的圖案褲是本季的必備潮流。 
【材質】 
一年四季都可以使用的薄型TR材質。 
它看起來又漂亮又乾淨。"
175,仙人掌背包款胸背帶套裝,24,29,590,"● 防水帆布材質 耐磨耐髒
● 拉鏈背包設計
● 儲物方便 牢固耐用
● 立體設計不塌陷
● 堅固插扣 配戴便捷不滑動
● 腹部與肩部均可調節"
176,炫彩反光背包,25,29,1190,"●自己的東西自己背，這樣才是成熟的行為！
● 可調節織帶設計
● 反光材質
● 多口袋設計
● 新款膠標"
177,高腳點點寵物碗,63,30,390,"● 陶質材質 安全環保
● 高度適宜可保護頸椎
● 用法多樣化
● 適用大多數寵物"
178,寵物六角斜口雙碗,64,30,590,"● 好好吃飯，好好長大
● 八度黃金斜角 六角餐碗
● 雙口一起吃 吃更香
● 悠哉喝水 可裝300ML
● 寬大碗身 防止飼料灑出
● 底部防滑矽膠墊 不位移 穩穩吃"
179,寵物餵食器&餵水器組合,65,30,599,"● 不透明設計 避光保存更新鮮
● 全可拆設計 輕鬆清洗無顧慮
● 虹吸原理 自動續水
● 重力補給 不卡糧"
180,美食系列逗貓棒 (含貓薄荷),66,30,190,"中西美味誘惑，一秒點燃貓咪魂！

● 美食造型
● 逗貓利器
● 耐抓材質
● 含貓薄荷"
181,復古耳機 寵物藏食發聲玩具,67,30,450,"● 回憶殺 復古的耳機設計
● 嗶嗶作響 用力撕咬也OK
● 貓貓也愛玩"
182,花朵沙發寵物窩,24,31,2890,"● 柔軟舒適 親膚面料
● 大面積想怎麼躺就怎麼躺
● 內置彈力海綿 不易變形
● 水晶絨表布可拆卸清洗
● 底部採防滑設計"
183,寵物帳篷,68,31,790,"● 超大空間 翻滾無壓力
● 半封閉式設計 安全隱蔽
● 優質實木支架 可拆洗設計
● 方便整理 易拆易收納"
184,經典毛呢寵物床墊,68,31,590,"● 超大空間，任意翻轉，愛怎麼躺就怎麼躺
● 高回彈，輕薄綿軟，蓬鬆飽滿
● 可拆卸清洗，保養更方便"
185,小方塊寵物外出包,69,31,2680,"• 首創重心調整設計，省力20%
• 市售唯一，背包專屬雨衣
• 立方大空間，毛孩舒適又安穩"
186,寵物拉稈方包,70,31,1990,"● 四重貼新用法 滿足多種出行需求
● 拉桿包、雙肩包、手提包、車載包
● 靜音耐磨萬用輪 加持更省力
● 三段高度可調 適配不同身高"
187,犬貓軟毛牙刷,69,32,99,"● 單束設計＋細軟毛，不刺激毛孩牙齦
● 日本製與台灣製，品質保證
● 單束款分別有 5 種顏色，隨機出貨"
188,回字款狗廁所,23,32,990,"● 易開合設計 單手掀起即可更換
● 獨有的“回字形長條紋”柵格面板
● 不易卡異物 清洗更方便
● 中小型犬室內訓導如廁新選擇"
189,天然檜木沐浴露,71,32,980,"專為犬貓敏弱肌膚日常保養清潔所研發，使用日本獨家專利萃取技術，將日本檜木之珍貴精華製成沐浴露，清潔時透過按摩皮膚及毛髮即可達到清潔、滋養（潤膚護毛一次完成）、隔離害蟲等保養效用，天然成分溫和無刺激性。
ふけ症・乾燥肌にOK / 溫和修護 潔淨毛皮"
190,寵物天然乾洗澡噴霧,71,32,760,檜木活萃液為精密設備高溫乾餾而成之天然產物，分子微小且富含檜木精華，不含酒精與任何化學添加物，與一般具濃烈香氣之精油不同，檜木活萃液有著宜人的木質清香。 成分單純，直譯的中文標示及使用方式，安心使用於寵物和居家生活，天然成分寵物舔舐也無須擔心。
191,消臭抗菌噴霧,69,32,280,"● 安心成分 X 有感消臭！
● 無酒精、無香精、無刺激性
● 植萃成分 + 天然酵素，快速包覆分解臭源"
192,封閉式太空艙貓砂盆,65,33,490,"● 升級大空間 隔臭防濺
● 高質感設計 安心材質
● 簡易安裝 輕鬆自在"
193,毛球星人半封閉貓砂盆,72,33,590,"● 裸空踏板防帶砂
● 循環流通大空間 減少細菌
● 暖心尺寸 自由進出
● 兩片式雙層設計 清潔無死角
● 以環保為基礎 材質優良"
194,混合貓砂 經典版 (豆腐砂+礦砂),23,33,180,"● 吸收、除臭樣樣在行的經典款
● 70%豆腐貓砂+30%澎潤土貓砂科學混比
● 豆腐貓砂專注吸水
● 澎潤土貓砂搭配STA顆粒 專注除臭
● 小顆的澎潤土可填補貓砂空隙 完美包覆
● 遇水即融 方便又環保"
195,雙層落沙墊,73,33,590,"● 雙層控砂墊 防水速乾
● 一拿一倒 輕鬆便利
● 凸點設計 留砂更容易
● 皮革包邊 精工品控"
196,天然無塵礦砂 (礦砂),23,33,215,"● 3秒吸水 極速結團
● 極大程度減少揮發時間和擴散面積 配合STA 用技術減少異味"
197,跳跳款組合爬架,23,34,2690,"蹦蹦跳跳給喵主專屬的遊樂場
● 繽紛色彩 豐富的活動空間
● 舒適吊床 慵懶懸浮 小憩時刻
● 趣味吊球 吸引貓咪注意力
● 超柔軟泰迪絨觸感 超軟厚海綿填充
● 原色劍麻繩 耐磨耐抓"
198,仙人掌貓爬架,24,34,2250,"● 加粗立柱 超穩底座
● 特殊纏繞工藝
● 每顆都純手工製作"
199,貓島款 麻繩抓柱貓窩,23,34,2590,"小島造型，好可愛又好舒適
● 兼顧睡眠與玩樂
● 半封閉式帳篷小窩 滿滿的安全感
● 吊繩、麻繩球 可用於磨爪、休閒
● 造型精緻 觸感柔軟
● 材質硬挺 不易變形
● 底部防滑"
200,山谷貓抓板,23,34,440,"有弧度的凹面造型 帶著山谷的靜謐溫柔
● 大小高度切合貓咪身體曲線
● 選用高質量瓦楞紙 環保且厚實
● 牢固耐用 整齊潔淨"
201,雞蛋花貓抓板,67,34,690,"● N種組裝方法
● 高強度瓦愣紙 耐用性MAX
● 磨砂表面處理 美觀易清潔"
202,成貓無穀天然糧,74,35,360,"● 豐富Omega油脂使毛髮健康亮麗
● 新鮮莓果類保健泌尿道健康
● 低脂低卡配方 維持理想體態
● 一歲到七歲
● 均衡的蛋白質和脂肪滿足壯年期貓咪活力所需
● 牛磺酸注入 保健心臟與視力健康"
203,1+1 滴雞精貓肉泥主食罐,75,35,57,"● 滴雞精添加，天然濃郁滋味
● 獨立營養粉包，營養完整攝取
● 98%鮮肉+滴雞精，2%膳食纖維營養配方
● 符合離乳幼貓與成貓日常營養需求
● 符合AAFCO、NRC雙重營養標準"
204,貓狗香草鮮肉罐,76,35,65,寵物鮮食、肉泥、副食、罐頭、濕食推薦!針對幼貓狗、老齡貓狗或是挑食、牙口不好、舔食習慣的狗狗貓咪設計，99%含肉量添加美國USDA有機認證香草，天然、健康、營養的鮮味肉泥。
205,全齡犬無穀低敏⽝糧,77,35,539,"專為挑嘴狗打造的無穀天然糧

● 不含黃豆玉米小麥等高過敏源物質
● 單一動物性源（羊肉）和易消化的碳水化合物
● 添加優質魚油提供omega-6脂肪酸和omega-3脂肪酸以及鱉蛋粉、膠原蛋白及卵磷脂，可促進皮毛健康
● 添加優質蔬菜水果，含有維他命及礦物質等豐富營養素"
206,天然起司球,69,36,160,"● 100% 來自澳洲，每口都是滿滿的起司
● 40g 起司球 ≒ 350ml 牛奶的鈣含量！
● 百分之百天然起司，口感香濃酥脆
● 專利凍乾技術，保留自然奶香與高營養
● 無添加乳化劑、香料與防腐劑"
207,犬用95%鮮肉無膠主食罐,69,35,72,"● 補肉、補水、補機能一次滿足
● 真材實料，完全無人工膠類
● 肉超多＆嗜口性高，滿滿原肉型態
● 添加天然營養機能，毛孩健康補給"
208,毛孩好棒棒,78,36,40,● 狗狗專屬的毛孩好棒棒，除了能藉由咬咬釋放心理壓力，同時能作為清潔口腔的好幫手，維持家中毛寶貝的身心健康
209,木天蓼潔齒棒,23,36,69,"● 新鮮直裝，無人工添加，保留草本清香
● 含植物纖維，清潔貓咪口腔，磨牙去垢
● 祛化毛球，增進食慾，調理腸胃健康
● 增加元氣，讓貓咪保持愉悅，放鬆心情"
210,小農場營養零食 - 綜合蔬果罐,79,36,380,"將營養素濃縮在蔬菜餅乾中的冷凍乾燥技術！
＜推薦給有以下狀況的寶貝＞ ✔️ 沒胃口飼料都吃不完 ✔️ 需要減肥、減重 ✔️ 深受過敏困擾 ✔️ 平常不愛吃蔬果

● 零添加物，只使用100%的新鮮蔬果
● 6種蔬菜和水果多種口味一次滿足
● 低卡路里食用起來無負擔
● 酥脆的小農場蔬果，大小輕鬆入口，小型犬也沒問題！"
211,貓凍乾零食,75,36,219,"● 結合雞身上營養精華的『全雞系列』
● 除了藉由凍乾製程保存完整營養
● 讓貓咪吃零食的同時也把營養吃進去
● 收到了『挑嘴貓96％愛吃』超高好評！"
212,寵物家居樓梯,80,37,1590,"● 創新台階型設計 可容納多隻愛寵
● 仿麻布面料 舒適透氣
● 底部大面積防滑設計 避免愛寵滑倒
● 可拆卸式設計 請洗更方便"
213,智能居家攝影機,81,37,3490,"● 夜間模式 高清紅外鏡頭
● 自動巡航 設置巡航時間點
● 24小時定點安全錄影 實時監控
● 異常影片警報/消息通知
● 手機APP隨時隨地連接，可同時連接多部手機
● 遙遠控制Ebo SE，自由穿梭每個角落
● 自動巡航、自主避障，實時監控/錄影
● 自動返回充電座待機充電
● 即時雙向溝通 使用語音鍵就説話互動"
214,手把防開安全鎖,69,37,99,"● 使用3M雙面膠固定，堅固不易被拆除
● 設置按鈕機關，輕鬆解除鎖定、方便進出"
215,寵物樓梯斜坡道,64,37,1990,"● 不用一蹦一蹦的跳，也能美美的上沙發、美美的躺
● 可承重60公斤
● 橫紋地毯 減震防滑
● 輕鬆折疊 方便收納
● 支持調節 多景適用
● 超長寬度 給足安全感"
216,青森車載窩墊,82,37,1890,"● 毛孩的座車神器 安全座椅！
● 不只是車用座墊 也是睡窩
● 可拆洗 好保養 
● 柔軟舒適 呵護毛孩
● 環保耐磨 提供舒適體驗
● 插扣設計 安全更加倍"
217,牛仔百褶裙,83,44,1400,"2022AW牛仔系列因人氣而增加！
上次立即售罄的商品又恢復了庫存。
這個項目肯定會提高本季引人注目的牛仔風格的新鮮度。――通過將休閒的牛仔材料
打褶 搭配 T 恤的造型不會太隨意，大人也可以穿上它。還建議在搭配牛仔襯衫的設置中添加金色配飾。"
218,牛仔工字裙,12,44,1280,"越穿越合身的材質柔軟而魅力十足的牛仔裙。
它使用與 Denim Slim Tapered 相同的材料。
[設計]
不分潮流都可以使用的I字型廓形，中央開衩增加了自由感和行動自如的感覺。
後袋還具有使臀部顯得高的平衡感，並且長度較長，適合任何鞋子。
化學黑和米色本季新鮮♪"
219,格紋美人魚裙,12,44,890,"【材質】
TR彈力材質，可穿多季。
GLOBAL WORK 獨創的格子圖案搭配時尚的秋季色彩組合。
[設計]
魚尾裙搭配垂直切換，打造利落廓形。
腰線不挑，廓形也不會太寬，給人一種成熟的印象，
粗腰帶讓腰部看起來更高，提升你的風格。
腰部後部由橡膠製成，易於穿脫。"
220,2段百褶裙,84,44,2300,"的兩層風琴褶時尚裙子 兩層精美風琴褶設計的裙子。 
輪廓不太寬，並且具有時尚的外觀。 
腰部飾有彩色羅緞帶。[造型] 
搭配簡單的 T 卹或針織衫，打造引人注目的裙子。 
為了你的腳，穿上優雅的平底鞋和高跟涼鞋，打造女性化外觀！"
221,褶皺裙,14,44,1380,"◆細節◆
腰部有彈性，無壓力，是一條帶有大量褶襉和褶皺的戲劇性裙子。
下擺處充滿奢華感和豐盈感的裙子是任何人都可以輕鬆看起來時尚的單品。
穿著輕便舒適，從初秋開始，夏天的炎熱揮之不去，它肯定會派上用場。
◆ FABRIC point ◆
由100% 再生尼龍製成的環保材料。
一條非常輕盈舒適的縮褶裙，具有尼龍所不具備的自然質感。"
222,長方形帽子,83,46,890,"一頂簡單的長方形帽子，很容易與你的衣服搭配。
因為帽簷比平時長，所以也是運動或外出時防曬的理想選擇。
[NEW ERA/New Era]
自1920年成立以來，作為世界上最好的頭飾公司，它一直在快速發展。它是一種能夠充分錶達每個人的個性和風格，超越時間、文化、運動和時尚的頭飾。"
223,NEWERA 遮陽板,83,46,1400,"易於搭配運動裝的簡單遮陽板是運動時防曬的理想選擇。
用粘扣帶可以調整尺寸。
關鍵是吸汗帶使用的是觸感舒適的絨面面料。
[NEW ERA/New Era]
自1920年成立以來，作為世界上最好的頭飾公司，它一直在快速發展。它是一種能夠充分錶達每個人的個性和風格，超越時間、文化、運動和時尚的頭飾。"
224,原創針織漁夫帽,13,46,1380,"經典單品是針織材質的漁夫帽，手感和保暖度不一樣。
這是一種易於與您永遠不會厭倦的基本形式相匹配的設計。--漁夫帽 Bakeha Knit"
225,原創刺繡帽,13,46,1240,"每個季節都流行的簡單標誌帽，採用羊毛混紡材料，增強了季節感。 
有 2 種類型可供選擇：易於搭配的純色，以及將成為您服裝焦點的配色方案。 
材質的質感表現出秋天的感覺，徽標刺繡實現立體效果。 
你可以選擇你喜歡的顏色來搭配你的衣服。"
226,原創飛行員式帽子,13,46,1500,"一款飛行風格的帽子，採用抓絨材料和圍著耳朵的圍巾，適合秋冬的休閒風格。 
該設計易於使用，給人一種隨意的印象，同時保持熱量。 
提供 3 種易於日常使用的顏色，它將在許多方面有用。 
■Nikologo 登山扣 
附帶的登山扣是用於配件的。請勿用於牽引等關節。請勿施加過大的力、衝擊或重載。ーーCap Hat Boa Niko Logo Carabiner"
227,原創混色披肩,13,47,1100,"一款簡單的披肩，顏色和質地都很柔和。
混色般的色彩對比營造出立體效果，給人一種溫和的印象。
這是一個可以在各種場景中使用的項目。"
228,蟒蛇兜帽的圍巾,13,47,1080,"蟒蛇裸色連帽設計旨在抵禦寒冷並突出您的裝束。 
蟒蛇皮材料使用再生聚酯纖維。 
■Nikologo 登山扣 
附帶的登山扣是用於配件的。請勿用於牽引等關節。請勿施加過大的力、衝擊或重載。"
229,原創羅紋針織多頭圍巾,13,47,1600,"#Nico Acty Club 
秋冬休閒風格 
蟒蛇裸色連帽設計旨在抵禦寒冷並突出您的裝束。 
蟒蛇皮材料使用再生聚酯纖維。"
230,羊絨觸感/雙面圍巾,85,47,2500,"一條帶有羊絨觸感的圍巾，正反面用不同的顏色改變印象！ 
有精緻的體積感，很漂亮，可以搭配任何休閒單品。 
它是一款多功能的消聲器，不僅可以用於厚外套，還可以用於西裝等商務場景。 
它也可以用作投擲物或毯子。"
231,復古玻璃圍巾,85,47,1450,"具有復古感的複古圖案圍巾現已上市。 
作為軍事工作和舊衣服等休閒造型的重音！ 
現在二手衣服正在流行，圍巾迅速流行，是您想要融入日常造型的物品。"
232,Nike Air Max 90,13,48,3500,"耐穿舒適，
深受喜愛的 90 年代風格
Nike Air Max 90 是經典的輕質舒適鞋款。
它以熟悉的華夫格鞋底、縫合覆蓋層和經典的 TPU 口音不辜負它的根源。
清新的細節賦予它現代外觀，而 Max Air 緩震系統讓您全天保持舒適。"
233,原創有機棉 Nico Logo 純色運動鞋,13,48,3000,"流行的 Nikologo 便鞋採用可持續材料製成！
從 2021SS 開始出現的套穿式素色運動鞋已經更新了改變的材料。
我們使用可持續材料，例如無氟防水有機棉。
鞋墊使用抗菌除臭材料 Bacte Shut，以防止令人不快的氣味和細菌。
正面很休閒，鞋墊有一個大而流行的Nico標誌。
這是一雙可以毫無壓力地穿著，易於日常使用，讓外出變得有趣。"
234,原創輕量厚底長靴,13,48,4500,"這款長靴穿著舒適，採用輕質厚底，柔軟舒適，這種寬大的感覺和輕質低迴彈海綿鞋墊。 
無論搭配什麼，都能長時間穿著的秋冬基本款。 
低迴彈的海綿鞋墊，腳感很好，日常使用似乎也很有用。 
關鍵是它配有流行的抗菌除臭膠帶並使用可持續材料。"
235,交叉帶涼鞋,13,48,2100,"這款涼鞋穿著非常舒適，厚實的緩衝鞋底 
強調輕盈和緩衝，讓您不會感到疲倦。 
隨意粗細的肩帶和寬大的鞋底給人一種成熟活躍的感覺。 
我們還有一個雙色設計，有很多存在感，非常適合強調你的腳。"
236,Samami Eco Court 運動鞋,12,48,3200,"這款運動鞋採用與LIGHT TECH 系列相同的彈性材料，
具有輕便、功能性鞋墊、抗菌除臭和防水等特點。
同樣，它重量輕，並且具有對您的腳溫和的規格。
造型：
易於搭配辦公室休閒裝
，運動鞋中常見的輕薄休閒感，穿起來就像穿皮鞋一樣。"
237,圖案領帶,85,49,1200,"具有令人印象深刻的圖案的領帶。
它也可以用作與襯衫協調的強調色。
它很適合搭配休閒裝和正式場合。
好的一點是，無論季節如何，它都可以在各種情況下使用。"
238,條紋領帶,85,49,1080,"一條期待已久的領帶出現在當前熱潮中的二手衣服。
重點是團紋，光澤適中！
這種設計不僅可以用於日常使用，還可以用於正式場合。"
239,Rocky 手工縫製 紳士領結,87,49,800,英倫風格男士領結，取自義大利進口植鞣牛皮 Rocky 皮革， 全手工裁切、塑形、縫製，可客製印上英文專屬名字，擁有溫潤的手感，”頸“上添花！
240,英式特殊款領結 Bowtie 紳士/商務/婚禮,88,49,1600,"三層面料、質地立挺，為至尊一整天的美麗和時尚而設計。
義大利設計的特殊面料，令人驚豔的質感，勝任您所需要的場合。
寬度大小適中，適合各種臉型與場合，每個稜角、弧度都是Cinlax的心血。
就是希望任何人都可以輕易搭配，一起感受截然不同的手工領結。"
241,獨特氣息 Premium系列領帶 Neckties,89,49,1700,"自然色系 搭配不安定的氣息 
看似基本款 
卻是獨樹一格的絕選"
242,淡靄藍天絲床包四件組,86,77,3480,"天絲纖維有絕佳的親水性、吸濕性，具有透氣涼爽的功能。
隨環境氣候變化，快速釋放濕氣，極佳的濕度調控，
達到減少細菌生長的效果，非常適合作為床套的材質。
舒柔親膚夏季最好的床寢良伴，交給百分百天絲製成的床包被套吧！
溫和不強烈的淡靄色，讓喜歡穩定平和色澤的你，可以舒適的躺在床上！"
243,日安貓貓刮泥入門墊,86,77,490,"絲圈刮泥材質避免髒污進入屋內，
可愛實用兼具、每天進門都療癒到不行，特製防滑膠底，使用安全無虞。"
244,日系慢活厚棉線編織大地毯,90,77,1780,"●天然厚實的觸感
●簡約的配色
●材質柔軟堅固耐用
●可水洗，清潔容易"
245,可機洗純棉手工地毯 玫瑰褐,91,77,4580,"選用棉質天然布料手工製作，染料及製程遵守歐洲無毒規定，
不含有毒染料、無添加刺激性化學物質，同時每一塊地毯皆由印度工匠親手編織，
不僅擁有獨一無二的特色且十分柔軟，帶給雙腳最柔軟舒適的感受。"
246,OYOY Kyoto 簡約點點長型抱枕,92,77,1500,Kyoto 有機棉抱枕系列，100%有機純棉製成，面料親膚舒適，復古格紋外觀豐富視覺上的明亮，同時為家中帶來沉穩感，延續居家空間整體的品味
247,巧克餅乾四層置物架,93,78,2350,"俐落工業風格收納層架，大容量開放式置物，如夾心餅乾外型的深木紋層板，無需工具轉動即可組裝。
以 PANTONE 432C 質感灰色，跳脫非黑即白的選色，外銷法國獨家限定霧灰色；讓每日的收納置放，成為獨一無二的存在。"
248,北歐風A型摺疊吊衣架,93,78,1680,"北歐風配色掛衣架，活動式MDF可摺疊設計，輕鬆收納。
一本書、一雙皮鞋、一件羊毛衫，那些日常生活中，與你相伴的物件帶著記憶也蘊藏著生活中的體會。LIGFE 於自然流露的質地溫度裡，將每一天的居家收納，化為簡單又舒適的生活品味。"
249,緩降靜音簡約方型,93,78,1200,質感霧灰色烤漆垃圾桶，緩降式靜音上蓋，10L大容量，耐用鐵製材質；可拆式內桶方便清洗，踏式開關免用手開。
250,雙層珪藻土置物架,93,78,1070,"使用質感霧灰色烤漆，搭配自動吸水珪藻土設計，雙層收納空間，廚房、浴室小物收納皆適用。
以 PANTONE 432C 質感灰色，跳脫非黑即白的選色，外銷法國獨家限定霧灰色；讓每日的收納置放，成為獨一無二的存在"
251,PET 抽屜分隔／鏡櫃用可層疊收納盒,94,78,500,"．整齊分類收納抽屜內的零散小物
．深度約 8.5cm，可放置於鏡櫃內
．不同款可層疊，桌面整潔省空間
．三種尺寸可挑選，自由組合搭配"
252,小王子造型星球燈-愛與馴養,95,79,1680,"以 Type C 充電使用，隨盒附有充電線（能調校 2 級亮度）
VIPO致力於國際品牌產品的創新設計，匠心製造和全渠道營銷。
所經營產品包含各類兼具藝術性和實用性的生活美學產品，從而滿足現代人們對美好生活的嚮往。"
253,匠心花藝清新居家乾燥花藝組,96,79,990,"★匠心獨到設計花藝花束
★靜謐晶透工藝花瓶
◆設計師等級花藝配置
◆生活多點自然元素打造隨興愜意
◆送人、犒賞自己都心意十足
◆適合居家、辦公佈置，精緻又典雅"
254,藝術版畫 Serene Stripes,97,79,1960,匯集斯堪地的生活模式、文化根基和室內設計趨勢作為靈感，無論是知名或新進創作者，The Poster Club 不斷吸納各種風格的創作，將之轉印成高品質的藝術印刷品。希望成為藝術家與大眾之間的橋樑，讓藝術對於個人再也不是遙不可及。
255,永恆燭台 Twilight 玫瑰金色,98,79,1680,"1. 金屬滅燭蓋熄滅燭火後，能夠延續燭火意象，作為室內擺飾。
2. 金屬曲面滅燭蓋可透過光源反射，在牆上投射出耀眼光芒，恆久存在。
3. 燭杯內徑4.8cm、深度2.4cm，市面上Tea Light尺寸的小蠟燭皆適用。
4. 錐狀玻璃杯罩可供正反面擺放，呈現兩種不同造型。
5. 戶外使用時錐狀玻璃杯罩有防風功能，使燭火不易熄滅。"
256,珊瑚鹿角 大理石飾品架,99,79,1380,外形猶如珊瑚的樣貌，延伸的設計也像是鹿角一般的延展，把自然的藝術落入設計中，光芒內斂般的存在。飾品架可以吊掛項鍊、手鍊、耳機線等飾品，底部收納盤也可以擺放戒指、耳環或一些小物，兼具收納及展示的獨特飾品架，也可作為家中一只簡約的藝術品。
257,超省力無線電動拖把,100,80,1690,"1. USB充電，60分超強續航力。
2. 雙渦輪引擎，高速旋轉去汙。
3. 二段收納桿，輕鬆收納不占空間。
4. 超薄機體設計，易深入清潔狹窄空隙。"
258,電解水碗盤清潔液,101,80,580,"重油濃醬、殘色奶臭 輕鬆洗淨不傷手

．鹼性離子有效皂化油汙，加倍清潔
．有效洗去食物殘色，潔淨不留痕
．去除異味超有感，奶垢、魚腥不殘留
．抗菌率達99.9%，真正有效潔淨
．不含磷、螢光劑、三氯沙等有害物質，安心力大提升
．台灣研發製造"
259,天然無毒 復古鐵盒洗衣粉,102,80,650,"✔ 成份天然：不含磷酸鹽等有毒物質、人工香精和刺激性起泡劑，大人小孩都適用
✔ 綠色環保：所有的商品都可生物分解，確保在洗衣的過程中沒有其他有毒物質排入環境
✔ 高效能且不損害洗衣機：為 HE 高效能濃縮，也適用滾筒洗衣機，不含多餘填充物質，低用量即可將衣服清洗乾淨
✔ 快速溶解不殘留：洗衣粉可於水中快速溶解，不會殘留於衣物或堵塞洗衣機管道"
260,生活工作所 拋棄式馬桶刷清潔組,103,80,420,"·邊邊角角皆能輕鬆清潔的刷柄
·不需另外使用清潔用品的清潔劑刷頭
·能直接沖進馬桶的拋棄式刷頭
·肉肉眼看不到的細菌也清潔乾、淨殺菌力99.9%
·肌膚刺激性測試完成安全性"
261,貓掌全自動感應泡沫機,104,80,790,"體積小巧，免安裝即可使用。
300ML大容量，免頻繁加水。
IPX4級防水，告別浸水故障。
超萌貓掌造型，洗手也很療癒。
長效充電，可連續使用約30天。"
262,Flowerpot VP1 小型吊燈 霧黑,105,81,10500,由丹麥設計大師 Verner Panton 於 1968 年設計，色彩鮮明、帶有圓形吊墜懸掛在半圓頂燈罩上，Flowerpot 系列充份體現了 Verner Panton 的實驗態度。時至今日，仍被視為無可取代的經典設計。
263,MASON 金屬咖啡桌,106,81,6330,將現代新穎的時髦帶進空間，感受異材質搭配，於細節裡體現工藝恆美的價值，無論是客廳或是辦公室，你都會需要一張這樣質感設計咖啡桌。
264,JOLIEN 扶手單椅,106,81,6330,用現代感十足的元素打造摩登起居，以極簡主義訴說素雅與不凡品味，老派中盡顯經典姿態，如同一座充滿歷史的莊嚴古城，步伐踩踏之間滿是懷舊的渴慕。
265,POLLY TEDDY 摩登雙人沙發,106,81,28200,以斯堪地那維亞的極簡設計，無須多餘的線條，僅需色彩來調柔空間，抹入一道品味優雅的象牙白色，鋪陳居家質感；堅固黑鐵椅腳，為潔淨的白增添視覺上的品味層次。
266,Rosen 藤編休閒椅,99,81,19800,"休息日裡，習得一方自然的專屬座椅。
藤編的調性，除了是清爽、清新、悠閒、度假等形容，其實還有種寧靜的朦朧美感，交織的密度格線總可以恰到好處的交錯，Rosen 藤編休閒椅有著丹麥熱愛的有幾外觀，寬廣的椅背適合讓身體傾靠休息，整體的曲線設計優美自然，呈現了完全不同的氣質，注入了不一樣的能量。
舒適的、放鬆的，在工作家事之餘，享受一杯茶的沈澱時光。
"